timestamp_utc,search_term,rank,title
2026-09-23T22:30:40.928982+00:00,test,1,Test.
2026-09-23T22:30:40.928982+00:00,test,2,test
2026-09-23T22:30:40.928982+00:00,test,3,The Test 
2026-09-23T22:30:40.928982+00:00,test,4,The test 
2026-09-23T22:30:40.928982+00:00,test,5,The test.
2026-09-23T22:30:41.376203+00:00,history,1,History.
2026-09-23T22:30:41.376203+00:00,history,2,History
2026-09-23T22:30:41.376203+00:00,history,3,History 
2026-09-23T22:30:41.376203+00:00,history,4,History.
2026-09-23T22:30:41.376203+00:00,history,5,History.
2026-09-23T22:30:42.183505+00:00,science,1,Science.
2026-09-23T22:30:42.183505+00:00,science,2,Science
2026-09-23T22:30:42.183505+00:00,science,3,Science.
2026-09-23T22:30:42.183505+00:00,science,4,Science 
2026-09-23T22:30:42.183505+00:00,science,5,Science 
2026-09-23T22:30:42.467431+00:00,maryland history,1,Maryland history 
2026-09-23T22:30:42.467431+00:00,maryland history,2,Women of achievement in Maryland history 
2026-09-23T22:30:42.467431+00:00,maryland history,3,Maryland history and culture bibliography.
2026-09-23T22:30:42.467431+00:00,maryland history,4,Maryland history notes.
2026-09-23T22:30:42.467431+00:00,maryland history,5,Highlights of Maryland history as presented in the Darnell Young People's Museum: on exhibit at the Maryland Historical Society.
2026-09-23T22:30:43.338814+00:00,math,1,Math 
2026-09-23T22:30:43.338814+00:00,math,2,Math
2026-09-23T22:30:43.338814+00:00,math,3,Math 
2026-09-23T22:30:43.338814+00:00,math,4,"Differentiating math instruction, K-8 : common core mathematics in the 21st century classroom "
2026-09-23T22:30:43.338814+00:00,math,5,String-Math 2011 
2026-09-23T22:30:43.961836+00:00,Migration and Labor 1900,1,"Tramps and trade-union travelers : internal migration and organized labor in Gilded Age America, 1870-1900 "
2026-09-23T22:30:43.961836+00:00,Migration and Labor 1900,2,Migration and Labor Market Adjustment 
2026-09-23T22:30:43.961836+00:00,Migration and Labor 1900,3,Working on labor : essays in honor of Jan Lucassen 
2026-09-23T22:30:43.961836+00:00,Migration and Labor 1900,4,Negro migration in 1916-17 
2026-09-23T22:30:43.961836+00:00,Migration and Labor 1900,5,"The genesis of international mass migration : the British case, 1750-1900 "
2026-09-23T22:30:44.510157+00:00,cats AND dogs,1,Scientific and humane issues in the use of random source dogs and cats in research 
2026-09-23T22:30:44.510157+00:00,cats AND dogs,2,Scientific and humane issues in the use of random source dogs and cats in research 
2026-09-23T22:30:44.510157+00:00,cats AND dogs,3,Sunday morning. Osgood short : like dogs and cats 
2026-09-23T22:30:44.510157+00:00,cats AND dogs,4,Cats : a history 
2026-09-23T22:30:44.510157+00:00,cats AND dogs,5,Deafness in dogs and cats 
2026-09-23T22:30:45.068504+00:00,saltwater encroachment AND climate change,1,Simulation of salinity intrusion along the Georgia and South Carolina coasts using climate-change scenarios 
2026-09-23T22:30:45.068504+00:00,saltwater encroachment AND climate change,2,Simulation of salinity intrusion along the Georgia and South Carolina coasts using climate-change scenarios 
2026-09-23T22:30:45.068504+00:00,saltwater encroachment AND climate change,3,"Simulation of water-table and freshwater/saltwater interface response to climate-change-driven sea-level rise and changes in recharge at Fire Island National Seashore, New York "
2026-09-23T22:30:45.068504+00:00,saltwater encroachment AND climate change,4,"Simulation of water-table and freshwater/saltwater interface response to climate-change-driven sea-level rise and changes in recharge at Fire Island National Seashore, New York "
2026-09-23T22:30:45.068504+00:00,saltwater encroachment AND climate change,5,Sudden spring : stories of adaptation in a climate-changed South 
2026-09-23T22:36:25.533225+00:00,test,1,Test.
2026-09-23T22:36:25.533225+00:00,test,2,test
2026-09-23T22:36:25.533225+00:00,test,3,The Test 
2026-09-23T22:36:25.533225+00:00,test,4,The test 
2026-09-23T22:36:25.533225+00:00,test,5,The test.
2026-09-23T22:36:26.772041+00:00,history,1,History.
2026-09-23T22:36:26.772041+00:00,history,2,History
2026-09-23T22:36:26.772041+00:00,history,3,History 
2026-09-23T22:36:26.772041+00:00,history,4,History.
2026-09-23T22:36:26.772041+00:00,history,5,History.
2026-09-23T22:36:28.023476+00:00,science,1,Science.
2026-09-23T22:36:28.023476+00:00,science,2,Science
2026-09-23T22:36:28.023476+00:00,science,3,Science.
2026-09-23T22:36:28.023476+00:00,science,4,Science 
2026-09-23T22:36:28.023476+00:00,science,5,Science 
2026-09-23T22:36:28.701699+00:00,maryland history,1,Maryland history 
2026-09-23T22:36:28.701699+00:00,maryland history,2,Women of achievement in Maryland history 
2026-09-23T22:36:28.701699+00:00,maryland history,3,Maryland history and culture bibliography.
2026-09-23T22:36:28.701699+00:00,maryland history,4,Maryland history notes.
2026-09-23T22:36:28.701699+00:00,maryland history,5,Highlights of Maryland history as presented in the Darnell Young People's Museum: on exhibit at the Maryland Historical Society.
2026-09-23T22:36:29.303791+00:00,math,1,Math 
2026-09-23T22:36:29.303791+00:00,math,2,Math
2026-09-23T22:36:29.303791+00:00,math,3,Math 
2026-09-23T22:36:29.303791+00:00,math,4,"Differentiating math instruction, K-8 : common core mathematics in the 21st century classroom "
2026-09-23T22:36:29.303791+00:00,math,5,String-Math 2011 
2026-09-23T22:36:29.935466+00:00,Migration and Labor 1900,1,"Tramps and trade-union travelers : internal migration and organized labor in Gilded Age America, 1870-1900 "
2026-09-23T22:36:29.935466+00:00,Migration and Labor 1900,2,Migration and Labor Market Adjustment 
2026-09-23T22:36:29.935466+00:00,Migration and Labor 1900,3,Working on labor : essays in honor of Jan Lucassen 
2026-09-23T22:36:29.935466+00:00,Migration and Labor 1900,4,Negro migration in 1916-17 
2026-09-23T22:36:29.935466+00:00,Migration and Labor 1900,5,"The genesis of international mass migration : the British case, 1750-1900 "
2026-09-23T22:36:30.458019+00:00,cats AND dogs,1,Scientific and humane issues in the use of random source dogs and cats in research 
2026-09-23T22:36:30.458019+00:00,cats AND dogs,2,Scientific and humane issues in the use of random source dogs and cats in research 
2026-09-23T22:36:30.458019+00:00,cats AND dogs,3,Sunday morning. Osgood short : like dogs and cats 
2026-09-23T22:36:30.458019+00:00,cats AND dogs,4,Cats : a history 
2026-09-23T22:36:30.458019+00:00,cats AND dogs,5,Deafness in dogs and cats 
2026-09-23T22:36:31.084903+00:00,saltwater encroachment AND climate change,1,Simulation of salinity intrusion along the Georgia and South Carolina coasts using climate-change scenarios 
2026-09-23T22:36:31.084903+00:00,saltwater encroachment AND climate change,2,Simulation of salinity intrusion along the Georgia and South Carolina coasts using climate-change scenarios 
2026-09-23T22:36:31.084903+00:00,saltwater encroachment AND climate change,3,"Simulation of water-table and freshwater/saltwater interface response to climate-change-driven sea-level rise and changes in recharge at Fire Island National Seashore, New York "
2026-09-23T22:36:31.084903+00:00,saltwater encroachment AND climate change,4,"Simulation of water-table and freshwater/saltwater interface response to climate-change-driven sea-level rise and changes in recharge at Fire Island National Seashore, New York "
2026-09-23T22:36:31.084903+00:00,saltwater encroachment AND climate change,5,Sudden spring : stories of adaptation in a climate-changed South 
2026-09-23T22:40:55.344641+00:00,linear algebra,1,Linear algebra 
2026-09-23T22:40:55.344641+00:00,linear algebra,2,Linear algebra 
2026-09-23T22:40:55.344641+00:00,linear algebra,3,Linear algebra
2026-09-23T22:40:55.344641+00:00,linear algebra,4,Linear algebra 
2026-09-23T22:40:55.344641+00:00,linear algebra,5,Linear algebra 
2026-09-24T00:48:48.057842+00:00,Migration and Labor 1900,1,"Tramps and trade-union travelers : internal migration and organized labor in Gilded Age America, 1870-1900 "
2026-09-24T00:48:48.057842+00:00,Migration and Labor 1900,2,Migration and Labor Market Adjustment 
2026-09-24T00:48:48.057842+00:00,Migration and Labor 1900,3,Working on labor : essays in honor of Jan Lucassen 
2026-09-24T00:48:48.057842+00:00,Migration and Labor 1900,4,Negro migration in 1916-17 
2026-09-24T00:48:48.057842+00:00,Migration and Labor 1900,5,"The genesis of international mass migration : the British case, 1750-1900 "
2026-09-24T06:01:39.605501+00:00,cats AND dogs,1,Scientific and humane issues in the use of random source dogs and cats in research 
2026-09-24T06:01:39.605501+00:00,cats AND dogs,2,Scientific and humane issues in the use of random source dogs and cats in research 
2026-09-24T06:01:39.605501+00:00,cats AND dogs,3,Sunday morning. Osgood short : like dogs and cats 
2026-09-24T06:01:39.605501+00:00,cats AND dogs,4,Cats : a history 
2026-09-24T06:01:39.605501+00:00,cats AND dogs,5,Deafness in dogs and cats 
2026-09-24T12:07:30.349508+00:00,saltwater encroachment AND climate change,1,Simulation of salinity intrusion along the Georgia and South Carolina coasts using climate-change scenarios 
2026-09-24T12:07:30.349508+00:00,saltwater encroachment AND climate change,2,Simulation of salinity intrusion along the Georgia and South Carolina coasts using climate-change scenarios 
2026-09-24T12:07:30.349508+00:00,saltwater encroachment AND climate change,3,"Simulation of water-table and freshwater/saltwater interface response to climate-change-driven sea-level rise and changes in recharge at Fire Island National Seashore, New York "
2026-09-24T12:07:30.349508+00:00,saltwater encroachment AND climate change,4,"Simulation of water-table and freshwater/saltwater interface response to climate-change-driven sea-level rise and changes in recharge at Fire Island National Seashore, New York "
2026-09-24T12:07:30.349508+00:00,saltwater encroachment AND climate change,5,Sudden spring : stories of adaptation in a climate-changed South 
2026-09-24T16:30:45.269028+00:00,project management AND software,1,Project management 
2026-09-24T16:30:45.269028+00:00,project management AND software,2,The project management tool kit : 100 tips and techniques for getting the job done right 
2026-09-24T16:30:45.269028+00:00,project management AND software,3,Project management : case studies 
2026-09-24T16:30:45.269028+00:00,project management AND software,4,Painless project management with FogBugz
2026-09-24T16:30:45.269028+00:00,project management AND software,5,Adaptable project management : a combination of agile and project management for All (PM4A) 
2026-09-24T16:40:23.541640+00:00,history of japanese art,1,History of Japanese art 
2026-09-24T16:40:23.541640+00:00,history of japanese art,2,History of Japanese art 
2026-09-24T16:40:23.541640+00:00,history of japanese art,3,"History of Japanese art after 1945 : institutions, discourses, practice "
2026-09-24T16:40:23.541640+00:00,history of japanese art,4,A history of Japanese art  : from prehistory to the Taisho period 
2026-09-24T16:40:23.541640+00:00,history of japanese art,5,A concise history of Japanese art 
2026-09-24T16:45:21.736816+00:00,science,1,Science.
2026-09-24T16:45:21.736816+00:00,science,2,Science
2026-09-24T16:45:21.736816+00:00,science,3,Science.
2026-09-24T16:45:21.736816+00:00,science,4,Science 
2026-09-24T16:45:21.736816+00:00,science,5,Science 
2026-09-24T17:00:28.093015+00:00,maryland history,1,Maryland history 
2026-09-24T17:00:28.093015+00:00,maryland history,2,Women of achievement in Maryland history 
2026-09-24T17:00:28.093015+00:00,maryland history,3,Maryland history and culture bibliography.
2026-09-24T17:00:28.093015+00:00,maryland history,4,Maryland history notes.
2026-09-24T17:00:28.093015+00:00,maryland history,5,Highlights of Maryland history as presented in the Darnell Young People's Museum: on exhibit at the Maryland Historical Society.
2026-09-24T17:15:23.513301+00:00,linear algebra,1,Linear algebra 
2026-09-24T17:15:23.513301+00:00,linear algebra,2,Linear algebra 
2026-09-24T17:15:23.513301+00:00,linear algebra,3,Linear algebra
2026-09-24T17:15:23.513301+00:00,linear algebra,4,Linear algebra 
2026-09-24T17:15:23.513301+00:00,linear algebra,5,Linear algebra 
2026-09-24T17:30:27.422366+00:00,Migration and Labor 1900,1,"Tramps and trade-union travelers : internal migration and organized labor in Gilded Age America, 1870-1900 "
2026-09-24T17:30:27.422366+00:00,Migration and Labor 1900,2,Migration and Labor Market Adjustment 
2026-09-24T17:30:27.422366+00:00,Migration and Labor 1900,3,Working on labor : essays in honor of Jan Lucassen 
2026-09-24T17:30:27.422366+00:00,Migration and Labor 1900,4,Negro migration in 1916-17 
2026-09-24T17:30:27.422366+00:00,Migration and Labor 1900,5,"The genesis of international mass migration : the British case, 1750-1900 "
2026-09-24T17:45:19.540382+00:00,cats AND dogs,1,Scientific and humane issues in the use of random source dogs and cats in research 
2026-09-24T17:45:19.540382+00:00,cats AND dogs,2,Scientific and humane issues in the use of random source dogs and cats in research 
2026-09-24T17:45:19.540382+00:00,cats AND dogs,3,Sunday morning. Osgood short : like dogs and cats 
2026-09-24T17:45:19.540382+00:00,cats AND dogs,4,Cats : a history 
2026-09-24T17:45:19.540382+00:00,cats AND dogs,5,Deafness in dogs and cats 
2026-09-24T18:00:29.287277+00:00,saltwater encroachment AND climate change,1,Simulation of salinity intrusion along the Georgia and South Carolina coasts using climate-change scenarios 
2026-09-24T18:00:29.287277+00:00,saltwater encroachment AND climate change,2,Simulation of salinity intrusion along the Georgia and South Carolina coasts using climate-change scenarios 
2026-09-24T18:00:29.287277+00:00,saltwater encroachment AND climate change,3,"Simulation of water-table and freshwater/saltwater interface response to climate-change-driven sea-level rise and changes in recharge at Fire Island National Seashore, New York "
2026-09-24T18:00:29.287277+00:00,saltwater encroachment AND climate change,4,"Simulation of water-table and freshwater/saltwater interface response to climate-change-driven sea-level rise and changes in recharge at Fire Island National Seashore, New York "
2026-09-24T18:00:29.287277+00:00,saltwater encroachment AND climate change,5,Sudden spring : stories of adaptation in a climate-changed South 
2026-09-24T18:15:22.088433+00:00,project management AND software,1,Project management 
2026-09-24T18:15:22.088433+00:00,project management AND software,2,The project management tool kit : 100 tips and techniques for getting the job done right 
2026-09-24T18:15:22.088433+00:00,project management AND software,3,Project management : case studies 
2026-09-24T18:15:22.088433+00:00,project management AND software,4,Painless project management with FogBugz
2026-09-24T18:15:22.088433+00:00,project management AND software,5,Adaptable project management : a combination of agile and project management for All (PM4A) 
2026-09-24T18:30:25.925038+00:00,history of japanese art,1,History of Japanese art 
2026-09-24T18:30:25.925038+00:00,history of japanese art,2,History of Japanese art 
2026-09-24T18:30:25.925038+00:00,history of japanese art,3,"History of Japanese art after 1945 : institutions, discourses, practice "
2026-09-24T18:30:25.925038+00:00,history of japanese art,4,A history of Japanese art  : from prehistory to the Taisho period 
2026-09-24T18:30:25.925038+00:00,history of japanese art,5,A concise history of Japanese art 
2026-09-24T18:45:39.725992+00:00,science,1,Science.
2026-09-24T18:45:39.725992+00:00,science,2,Science
2026-09-24T18:45:39.725992+00:00,science,3,Science.
2026-09-24T18:45:39.725992+00:00,science,4,Science 
2026-09-24T18:45:39.725992+00:00,science,5,Science 
2026-09-24T19:00:31.067439+00:00,maryland history,1,Maryland history 
2026-09-24T19:00:31.067439+00:00,maryland history,2,Women of achievement in Maryland history 
2026-09-24T19:00:31.067439+00:00,maryland history,3,Maryland history and culture bibliography.
2026-09-24T19:00:31.067439+00:00,maryland history,4,Maryland history notes.
2026-09-24T19:00:31.067439+00:00,maryland history,5,Highlights of Maryland history as presented in the Darnell Young People's Museum: on exhibit at the Maryland Historical Society.
2026-09-24T19:15:20.798936+00:00,linear algebra,1,Linear algebra 
2026-09-24T19:15:20.798936+00:00,linear algebra,2,Linear algebra 
2026-09-24T19:15:20.798936+00:00,linear algebra,3,Linear algebra
2026-09-24T19:15:20.798936+00:00,linear algebra,4,Linear algebra 
2026-09-24T19:15:20.798936+00:00,linear algebra,5,Linear algebra 
2026-09-24T19:30:24.060333+00:00,Migration and Labor 1900,1,"Tramps and trade-union travelers : internal migration and organized labor in Gilded Age America, 1870-1900 "
2026-09-24T19:30:24.060333+00:00,Migration and Labor 1900,2,Migration and Labor Market Adjustment 
2026-09-24T19:30:24.060333+00:00,Migration and Labor 1900,3,Working on labor : essays in honor of Jan Lucassen 
2026-09-24T19:30:24.060333+00:00,Migration and Labor 1900,4,Negro migration in 1916-17 
2026-09-24T19:30:24.060333+00:00,Migration and Labor 1900,5,"The genesis of international mass migration : the British case, 1750-1900 "
2026-09-24T19:45:20.945202+00:00,cats AND dogs,1,Scientific and humane issues in the use of random source dogs and cats in research 
2026-09-24T19:45:20.945202+00:00,cats AND dogs,2,Scientific and humane issues in the use of random source dogs and cats in research 
2026-09-24T19:45:20.945202+00:00,cats AND dogs,3,Sunday morning. Osgood short : like dogs and cats 
2026-09-24T19:45:20.945202+00:00,cats AND dogs,4,Cats : a history 
2026-09-24T19:45:20.945202+00:00,cats AND dogs,5,Deafness in dogs and cats 
2026-09-24T20:00:30.804973+00:00,saltwater encroachment AND climate change,1,Simulation of salinity intrusion along the Georgia and South Carolina coasts using climate-change scenarios 
2026-09-24T20:00:30.804973+00:00,saltwater encroachment AND climate change,2,Simulation of salinity intrusion along the Georgia and South Carolina coasts using climate-change scenarios 
2026-09-24T20:00:30.804973+00:00,saltwater encroachment AND climate change,3,"Simulation of water-table and freshwater/saltwater interface response to climate-change-driven sea-level rise and changes in recharge at Fire Island National Seashore, New York "
2026-09-24T20:00:30.804973+00:00,saltwater encroachment AND climate change,4,"Simulation of water-table and freshwater/saltwater interface response to climate-change-driven sea-level rise and changes in recharge at Fire Island National Seashore, New York "
2026-09-24T20:00:30.804973+00:00,saltwater encroachment AND climate change,5,Sudden spring : stories of adaptation in a climate-changed South 
2026-09-24T20:07:25.387136+00:00,project management AND software,1,Project management 
2026-09-24T20:07:25.387136+00:00,project management AND software,2,The project management tool kit : 100 tips and techniques for getting the job done right 
2026-09-24T20:07:25.387136+00:00,project management AND software,3,Project management : case studies 
2026-09-24T20:07:25.387136+00:00,project management AND software,4,Painless project management with FogBugz
2026-09-24T20:07:25.387136+00:00,project management AND software,5,Adaptable project management : a combination of agile and project management for All (PM4A) 
2026-09-24T20:15:20.415813+00:00,history of japanese art,1,History of Japanese art 
2026-09-24T20:15:20.415813+00:00,history of japanese art,2,History of Japanese art 
2026-09-24T20:15:20.415813+00:00,history of japanese art,3,"History of Japanese art after 1945 : institutions, discourses, practice "
2026-09-24T20:15:20.415813+00:00,history of japanese art,4,A history of Japanese art  : from prehistory to the Taisho period 
2026-09-24T20:15:20.415813+00:00,history of japanese art,5,A concise history of Japanese art 
2026-09-24T20:30:27.602229+00:00,science,1,Science.
2026-09-24T20:30:27.602229+00:00,science,2,Science
2026-09-24T20:30:27.602229+00:00,science,3,Science.
2026-09-24T20:30:27.602229+00:00,science,4,Science 
2026-09-24T20:30:27.602229+00:00,science,5,Science 
2026-09-24T20:45:22.141807+00:00,maryland history,1,Maryland history 
2026-09-24T20:45:22.141807+00:00,maryland history,2,Women of achievement in Maryland history 
2026-09-24T20:45:22.141807+00:00,maryland history,3,Maryland history and culture bibliography.
2026-09-24T20:45:22.141807+00:00,maryland history,4,Maryland history notes.
2026-09-24T20:45:22.141807+00:00,maryland history,5,Highlights of Maryland history as presented in the Darnell Young People's Museum: on exhibit at the Maryland Historical Society.
2026-09-24T21:00:28.974816+00:00,linear algebra,1,Linear algebra 
2026-09-24T21:00:28.974816+00:00,linear algebra,2,Linear algebra 
2026-09-24T21:00:28.974816+00:00,linear algebra,3,Linear algebra
2026-09-24T21:00:28.974816+00:00,linear algebra,4,Linear algebra 
2026-09-24T21:00:28.974816+00:00,linear algebra,5,Linear algebra 
2026-09-24T21:15:21.003667+00:00,Migration and Labor 1900,1,"Tramps and trade-union travelers : internal migration and organized labor in Gilded Age America, 1870-1900 "
2026-09-24T21:15:21.003667+00:00,Migration and Labor 1900,2,Migration and Labor Market Adjustment 
2026-09-24T21:15:21.003667+00:00,Migration and Labor 1900,3,Working on labor : essays in honor of Jan Lucassen 
2026-09-24T21:15:21.003667+00:00,Migration and Labor 1900,4,Negro migration in 1916-17 
2026-09-24T21:15:21.003667+00:00,Migration and Labor 1900,5,"The genesis of international mass migration : the British case, 1750-1900 "
2026-09-24T21:30:29.722385+00:00,cats AND dogs,1,Scientific and humane issues in the use of random source dogs and cats in research 
2026-09-24T21:30:29.722385+00:00,cats AND dogs,2,Scientific and humane issues in the use of random source dogs and cats in research 
2026-09-24T21:30:29.722385+00:00,cats AND dogs,3,Sunday morning. Osgood short : like dogs and cats 
2026-09-24T21:30:29.722385+00:00,cats AND dogs,4,Cats : a history 
2026-09-24T21:30:29.722385+00:00,cats AND dogs,5,Deafness in dogs and cats 
2026-09-24T21:45:20.505543+00:00,saltwater encroachment AND climate change,1,Simulation of salinity intrusion along the Georgia and South Carolina coasts using climate-change scenarios 
2026-09-24T21:45:20.505543+00:00,saltwater encroachment AND climate change,2,Simulation of salinity intrusion along the Georgia and South Carolina coasts using climate-change scenarios 
2026-09-24T21:45:20.505543+00:00,saltwater encroachment AND climate change,3,"Simulation of water-table and freshwater/saltwater interface response to climate-change-driven sea-level rise and changes in recharge at Fire Island National Seashore, New York "
2026-09-24T21:45:20.505543+00:00,saltwater encroachment AND climate change,4,"Simulation of water-table and freshwater/saltwater interface response to climate-change-driven sea-level rise and changes in recharge at Fire Island National Seashore, New York "
2026-09-24T21:45:20.505543+00:00,saltwater encroachment AND climate change,5,Sudden spring : stories of adaptation in a climate-changed South 
2026-09-24T22:00:34.624984+00:00,project management AND software,1,Project management 
2026-09-24T22:00:34.624984+00:00,project management AND software,2,The project management tool kit : 100 tips and techniques for getting the job done right 
2026-09-24T22:00:34.624984+00:00,project management AND software,3,Project management : case studies 
2026-09-24T22:00:34.624984+00:00,project management AND software,4,Painless project management with FogBugz
2026-09-24T22:00:34.624984+00:00,project management AND software,5,Adaptable project management : a combination of agile and project management for All (PM4A) 
2026-09-24T22:15:21.822382+00:00,history of japanese art,1,History of Japanese art 
2026-09-24T22:15:21.822382+00:00,history of japanese art,2,History of Japanese art 
2026-09-24T22:15:21.822382+00:00,history of japanese art,3,"History of Japanese art after 1945 : institutions, discourses, practice "
2026-09-24T22:15:21.822382+00:00,history of japanese art,4,A history of Japanese art  : from prehistory to the Taisho period 
2026-09-24T22:15:21.822382+00:00,history of japanese art,5,A concise history of Japanese art 
2026-09-24T22:30:26.939303+00:00,science,1,Science.
2026-09-24T22:30:26.939303+00:00,science,2,Science
2026-09-24T22:30:26.939303+00:00,science,3,Science.
2026-09-24T22:30:26.939303+00:00,science,4,Science 
2026-09-24T22:30:26.939303+00:00,science,5,Science 
2026-09-24T22:45:19.475120+00:00,maryland history,1,Maryland history 
2026-09-24T22:45:19.475120+00:00,maryland history,2,Women of achievement in Maryland history 
2026-09-24T22:45:19.475120+00:00,maryland history,3,Maryland history and culture bibliography.
2026-09-24T22:45:19.475120+00:00,maryland history,4,Maryland history notes.
2026-09-24T22:45:19.475120+00:00,maryland history,5,Highlights of Maryland history as presented in the Darnell Young People's Museum: on exhibit at the Maryland Historical Society.
2026-09-24T23:00:26.535698+00:00,linear algebra,1,Linear algebra 
2026-09-24T23:00:26.535698+00:00,linear algebra,2,Linear algebra 
2026-09-24T23:00:26.535698+00:00,linear algebra,3,Linear algebra
2026-09-24T23:00:26.535698+00:00,linear algebra,4,Linear algebra 
2026-09-24T23:00:26.535698+00:00,linear algebra,5,Linear algebra 
2026-09-24T23:11:37.598286+00:00,Migration and Labor 1900,1,"Tramps and trade-union travelers : internal migration and organized labor in Gilded Age America, 1870-1900 "
2026-09-24T23:11:37.598286+00:00,Migration and Labor 1900,2,Migration and Labor Market Adjustment 
2026-09-24T23:11:37.598286+00:00,Migration and Labor 1900,3,Working on labor : essays in honor of Jan Lucassen 
2026-09-24T23:11:37.598286+00:00,Migration and Labor 1900,4,Negro migration in 1916-17 
2026-09-24T23:11:37.598286+00:00,Migration and Labor 1900,5,"The genesis of international mass migration : the British case, 1750-1900 "
2026-09-24T23:15:20.247866+00:00,cats AND dogs,1,Scientific and humane issues in the use of random source dogs and cats in research 
2026-09-24T23:15:20.247866+00:00,cats AND dogs,2,Scientific and humane issues in the use of random source dogs and cats in research 
2026-09-24T23:15:20.247866+00:00,cats AND dogs,3,Sunday morning. Osgood short : like dogs and cats 
2026-09-24T23:15:20.247866+00:00,cats AND dogs,4,Cats : a history 
2026-09-24T23:15:20.247866+00:00,cats AND dogs,5,Deafness in dogs and cats 
2026-09-24T23:30:27.890538+00:00,saltwater encroachment AND climate change,1,Simulation of salinity intrusion along the Georgia and South Carolina coasts using climate-change scenarios 
2026-09-24T23:30:27.890538+00:00,saltwater encroachment AND climate change,2,Simulation of salinity intrusion along the Georgia and South Carolina coasts using climate-change scenarios 
2026-09-24T23:30:27.890538+00:00,saltwater encroachment AND climate change,3,"Simulation of water-table and freshwater/saltwater interface response to climate-change-driven sea-level rise and changes in recharge at Fire Island National Seashore, New York "
2026-09-24T23:30:27.890538+00:00,saltwater encroachment AND climate change,4,"Simulation of water-table and freshwater/saltwater interface response to climate-change-driven sea-level rise and changes in recharge at Fire Island National Seashore, New York "
2026-09-24T23:30:27.890538+00:00,saltwater encroachment AND climate change,5,Sudden spring : stories of adaptation in a climate-changed South 
2026-09-24T23:45:22.272520+00:00,project management AND software,1,Project management 
2026-09-24T23:45:22.272520+00:00,project management AND software,2,The project management tool kit : 100 tips and techniques for getting the job done right 
2026-09-24T23:45:22.272520+00:00,project management AND software,3,Project management : case studies 
2026-09-24T23:45:22.272520+00:00,project management AND software,4,Painless project management with FogBugz
2026-09-24T23:45:22.272520+00:00,project management AND software,5,Adaptable project management : a combination of agile and project management for All (PM4A) 
2026-09-25T00:00:31.612522+00:00,history of japanese art,1,History of Japanese art 
2026-09-25T00:00:31.612522+00:00,history of japanese art,2,History of Japanese art 
2026-09-25T00:00:31.612522+00:00,history of japanese art,3,"History of Japanese art after 1945 : institutions, discourses, practice "
2026-09-25T00:00:31.612522+00:00,history of japanese art,4,A history of Japanese art  : from prehistory to the Taisho period 
2026-09-25T00:00:31.612522+00:00,history of japanese art,5,A concise history of Japanese art 
2026-09-25T00:15:57.444964+00:00,science,1,Science.
2026-09-25T00:15:57.444964+00:00,science,2,Science
2026-09-25T00:15:57.444964+00:00,science,3,Science.
2026-09-25T00:15:57.444964+00:00,science,4,Science 
2026-09-25T00:15:57.444964+00:00,science,5,Science 
2026-09-25T00:30:25.133348+00:00,maryland history,1,Maryland history 
2026-09-25T00:30:25.133348+00:00,maryland history,2,Women of achievement in Maryland history 
2026-09-25T00:30:25.133348+00:00,maryland history,3,Maryland history and culture bibliography.
2026-09-25T00:30:25.133348+00:00,maryland history,4,Maryland history notes.
2026-09-25T00:30:25.133348+00:00,maryland history,5,Highlights of Maryland history as presented in the Darnell Young People's Museum: on exhibit at the Maryland Historical Society.
2026-09-25T00:45:24.759169+00:00,linear algebra,1,Linear algebra 
2026-09-25T00:45:24.759169+00:00,linear algebra,2,Linear algebra 
2026-09-25T00:45:24.759169+00:00,linear algebra,3,Linear algebra
2026-09-25T00:45:24.759169+00:00,linear algebra,4,Linear algebra 
2026-09-25T00:45:24.759169+00:00,linear algebra,5,Linear algebra 
2026-09-25T01:00:29.657814+00:00,Migration and Labor 1900,1,"Tramps and trade-union travelers : internal migration and organized labor in Gilded Age America, 1870-1900 "
2026-09-25T01:00:29.657814+00:00,Migration and Labor 1900,2,Migration and Labor Market Adjustment 
2026-09-25T01:00:29.657814+00:00,Migration and Labor 1900,3,Working on labor : essays in honor of Jan Lucassen 
2026-09-25T01:00:29.657814+00:00,Migration and Labor 1900,4,Negro migration in 1916-17 
2026-09-25T01:00:29.657814+00:00,Migration and Labor 1900,5,"The genesis of international mass migration : the British case, 1750-1900 "
2026-09-25T01:15:20.674109+00:00,cats AND dogs,1,Scientific and humane issues in the use of random source dogs and cats in research 
2026-09-25T01:15:20.674109+00:00,cats AND dogs,2,Scientific and humane issues in the use of random source dogs and cats in research 
2026-09-25T01:15:20.674109+00:00,cats AND dogs,3,Sunday morning. Osgood short : like dogs and cats 
2026-09-25T01:15:20.674109+00:00,cats AND dogs,4,Cats : a history 
2026-09-25T01:15:20.674109+00:00,cats AND dogs,5,Deafness in dogs and cats 
2026-09-25T01:28:41.998014+00:00,saltwater encroachment AND climate change,1,Simulation of salinity intrusion along the Georgia and South Carolina coasts using climate-change scenarios 
2026-09-25T01:28:41.998014+00:00,saltwater encroachment AND climate change,2,Simulation of salinity intrusion along the Georgia and South Carolina coasts using climate-change scenarios 
2026-09-25T01:28:41.998014+00:00,saltwater encroachment AND climate change,3,"Simulation of water-table and freshwater/saltwater interface response to climate-change-driven sea-level rise and changes in recharge at Fire Island National Seashore, New York "
2026-09-25T01:28:41.998014+00:00,saltwater encroachment AND climate change,4,"Simulation of water-table and freshwater/saltwater interface response to climate-change-driven sea-level rise and changes in recharge at Fire Island National Seashore, New York "
2026-09-25T01:28:41.998014+00:00,saltwater encroachment AND climate change,5,Sudden spring : stories of adaptation in a climate-changed South 
2026-09-25T01:30:25.750723+00:00,project management AND software,1,Project management 
2026-09-25T01:30:25.750723+00:00,project management AND software,2,The project management tool kit : 100 tips and techniques for getting the job done right 
2026-09-25T01:30:25.750723+00:00,project management AND software,3,Project management : case studies 
2026-09-25T01:30:25.750723+00:00,project management AND software,4,Painless project management with FogBugz
2026-09-25T01:30:25.750723+00:00,project management AND software,5,Adaptable project management : a combination of agile and project management for All (PM4A) 
2026-09-25T01:45:18.552179+00:00,history of japanese art,1,History of Japanese art 
2026-09-25T01:45:18.552179+00:00,history of japanese art,2,History of Japanese art 
2026-09-25T01:45:18.552179+00:00,history of japanese art,3,"History of Japanese art after 1945 : institutions, discourses, practice "
2026-09-25T01:45:18.552179+00:00,history of japanese art,4,A history of Japanese art  : from prehistory to the Taisho period 
2026-09-25T01:45:18.552179+00:00,history of japanese art,5,A concise history of Japanese art 
2026-09-25T02:00:29.648982+00:00,science,1,Science.
2026-09-25T02:00:29.648982+00:00,science,2,Science
2026-09-25T02:00:29.648982+00:00,science,3,Science.
2026-09-25T02:00:29.648982+00:00,science,4,Science 
2026-09-25T02:00:29.648982+00:00,science,5,Science 
2026-09-25T02:15:19.093387+00:00,maryland history,1,Maryland history 
2026-09-25T02:15:19.093387+00:00,maryland history,2,Women of achievement in Maryland history 
2026-09-25T02:15:19.093387+00:00,maryland history,3,Maryland history and culture bibliography.
2026-09-25T02:15:19.093387+00:00,maryland history,4,Maryland history notes.
2026-09-25T02:15:19.093387+00:00,maryland history,5,Highlights of Maryland history as presented in the Darnell Young People's Museum: on exhibit at the Maryland Historical Society.
2026-09-25T02:30:24.104898+00:00,linear algebra,1,Linear algebra 
2026-09-25T02:30:24.104898+00:00,linear algebra,2,Linear algebra 
2026-09-25T02:30:24.104898+00:00,linear algebra,3,Linear algebra
2026-09-25T02:30:24.104898+00:00,linear algebra,4,Linear algebra 
2026-09-25T02:30:24.104898+00:00,linear algebra,5,Linear algebra 
2026-09-25T02:45:20.138223+00:00,Migration and Labor 1900,1,"Tramps and trade-union travelers : internal migration and organized labor in Gilded Age America, 1870-1900 "
2026-09-25T02:45:20.138223+00:00,Migration and Labor 1900,2,Migration and Labor Market Adjustment 
2026-09-25T02:45:20.138223+00:00,Migration and Labor 1900,3,Working on labor : essays in honor of Jan Lucassen 
2026-09-25T02:45:20.138223+00:00,Migration and Labor 1900,4,Negro migration in 1916-17 
2026-09-25T02:45:20.138223+00:00,Migration and Labor 1900,5,"The genesis of international mass migration : the British case, 1750-1900 "
2026-09-25T03:00:27.600240+00:00,cats AND dogs,1,Scientific and humane issues in the use of random source dogs and cats in research 
2026-09-25T03:00:27.600240+00:00,cats AND dogs,2,Scientific and humane issues in the use of random source dogs and cats in research 
2026-09-25T03:00:27.600240+00:00,cats AND dogs,3,Sunday morning. Osgood short : like dogs and cats 
2026-09-25T03:00:27.600240+00:00,cats AND dogs,4,Cats : a history 
2026-09-25T03:00:27.600240+00:00,cats AND dogs,5,Deafness in dogs and cats 
2026-09-25T03:15:21.270723+00:00,saltwater encroachment AND climate change,1,Simulation of salinity intrusion along the Georgia and South Carolina coasts using climate-change scenarios 
2026-09-25T03:15:21.270723+00:00,saltwater encroachment AND climate change,2,Simulation of salinity intrusion along the Georgia and South Carolina coasts using climate-change scenarios 
2026-09-25T03:15:21.270723+00:00,saltwater encroachment AND climate change,3,"Simulation of water-table and freshwater/saltwater interface response to climate-change-driven sea-level rise and changes in recharge at Fire Island National Seashore, New York "
2026-09-25T03:15:21.270723+00:00,saltwater encroachment AND climate change,4,"Simulation of water-table and freshwater/saltwater interface response to climate-change-driven sea-level rise and changes in recharge at Fire Island National Seashore, New York "
2026-09-25T03:15:21.270723+00:00,saltwater encroachment AND climate change,5,Sudden spring : stories of adaptation in a climate-changed South 
2026-09-25T03:30:23.814237+00:00,project management AND software,1,Project management 
2026-09-25T03:30:23.814237+00:00,project management AND software,2,The project management tool kit : 100 tips and techniques for getting the job done right 
2026-09-25T03:30:23.814237+00:00,project management AND software,3,Project management : case studies 
2026-09-25T03:30:23.814237+00:00,project management AND software,4,Painless project management with FogBugz
2026-09-25T03:30:23.814237+00:00,project management AND software,5,Adaptable project management : a combination of agile and project management for All (PM4A) 
2026-09-25T03:45:19.400375+00:00,history of japanese art,1,History of Japanese art 
2026-09-25T03:45:19.400375+00:00,history of japanese art,2,History of Japanese art 
2026-09-25T03:45:19.400375+00:00,history of japanese art,3,"History of Japanese art after 1945 : institutions, discourses, practice "
2026-09-25T03:45:19.400375+00:00,history of japanese art,4,A history of Japanese art  : from prehistory to the Taisho period 
2026-09-25T03:45:19.400375+00:00,history of japanese art,5,A concise history of Japanese art 
2026-09-25T04:00:26.858932+00:00,science,1,Science.
2026-09-25T04:00:26.858932+00:00,science,2,Science
2026-09-25T04:00:26.858932+00:00,science,3,Science.
2026-09-25T04:00:26.858932+00:00,science,4,Science 
2026-09-25T04:00:26.858932+00:00,science,5,Science 
2026-09-25T04:15:19.824723+00:00,maryland history,1,Maryland history 
2026-09-25T04:15:19.824723+00:00,maryland history,2,Women of achievement in Maryland history 
2026-09-25T04:15:19.824723+00:00,maryland history,3,Maryland history and culture bibliography.
2026-09-25T04:15:19.824723+00:00,maryland history,4,Maryland history notes.
2026-09-25T04:15:19.824723+00:00,maryland history,5,Highlights of Maryland history as presented in the Darnell Young People's Museum: on exhibit at the Maryland Historical Society.
2026-09-25T04:30:24.997771+00:00,linear algebra,1,Linear algebra 
2026-09-25T04:30:24.997771+00:00,linear algebra,2,Linear algebra 
2026-09-25T04:30:24.997771+00:00,linear algebra,3,Linear algebra
2026-09-25T04:30:24.997771+00:00,linear algebra,4,Linear algebra 
2026-09-25T04:30:24.997771+00:00,linear algebra,5,Linear algebra 
2026-09-25T04:45:18.682458+00:00,Migration and Labor 1900,1,"Tramps and trade-union travelers : internal migration and organized labor in Gilded Age America, 1870-1900 "
2026-09-25T04:45:18.682458+00:00,Migration and Labor 1900,2,Migration and Labor Market Adjustment 
2026-09-25T04:45:18.682458+00:00,Migration and Labor 1900,3,Working on labor : essays in honor of Jan Lucassen 
2026-09-25T04:45:18.682458+00:00,Migration and Labor 1900,4,Negro migration in 1916-17 
2026-09-25T04:45:18.682458+00:00,Migration and Labor 1900,5,"The genesis of international mass migration : the British case, 1750-1900 "
2026-09-25T05:00:26.820340+00:00,cats AND dogs,1,Scientific and humane issues in the use of random source dogs and cats in research 
2026-09-25T05:00:26.820340+00:00,cats AND dogs,2,Scientific and humane issues in the use of random source dogs and cats in research 
2026-09-25T05:00:26.820340+00:00,cats AND dogs,3,Sunday morning. Osgood short : like dogs and cats 
2026-09-25T05:00:26.820340+00:00,cats AND dogs,4,Cats : a history 
2026-09-25T05:00:26.820340+00:00,cats AND dogs,5,Deafness in dogs and cats 
2026-09-25T05:15:18.255691+00:00,saltwater encroachment AND climate change,1,Simulation of salinity intrusion along the Georgia and South Carolina coasts using climate-change scenarios 
2026-09-25T05:15:18.255691+00:00,saltwater encroachment AND climate change,2,Simulation of salinity intrusion along the Georgia and South Carolina coasts using climate-change scenarios 
2026-09-25T05:15:18.255691+00:00,saltwater encroachment AND climate change,3,"Simulation of water-table and freshwater/saltwater interface response to climate-change-driven sea-level rise and changes in recharge at Fire Island National Seashore, New York "
2026-09-25T05:15:18.255691+00:00,saltwater encroachment AND climate change,4,"Simulation of water-table and freshwater/saltwater interface response to climate-change-driven sea-level rise and changes in recharge at Fire Island National Seashore, New York "
2026-09-25T05:15:18.255691+00:00,saltwater encroachment AND climate change,5,Sudden spring : stories of adaptation in a climate-changed South 
2026-09-25T05:30:23.798567+00:00,project management AND software,1,Project management 
2026-09-25T05:30:23.798567+00:00,project management AND software,2,The project management tool kit : 100 tips and techniques for getting the job done right 
2026-09-25T05:30:23.798567+00:00,project management AND software,3,Project management : case studies 
2026-09-25T05:30:23.798567+00:00,project management AND software,4,Painless project management with FogBugz
2026-09-25T05:30:23.798567+00:00,project management AND software,5,Adaptable project management : a combination of agile and project management for All (PM4A) 
2026-09-25T05:45:18.912552+00:00,history of japanese art,1,History of Japanese art 
2026-09-25T05:45:18.912552+00:00,history of japanese art,2,History of Japanese art 
2026-09-25T05:45:18.912552+00:00,history of japanese art,3,"History of Japanese art after 1945 : institutions, discourses, practice "
2026-09-25T05:45:18.912552+00:00,history of japanese art,4,A history of Japanese art  : from prehistory to the Taisho period 
2026-09-25T05:45:18.912552+00:00,history of japanese art,5,A concise history of Japanese art 
2026-09-25T06:00:30.142682+00:00,science,1,Science.
2026-09-25T06:00:30.142682+00:00,science,2,Science
2026-09-25T06:00:30.142682+00:00,science,3,Science.
2026-09-25T06:00:30.142682+00:00,science,4,Science 
2026-09-25T06:00:30.142682+00:00,science,5,Science 
2026-09-25T06:15:21.675612+00:00,maryland history,1,Maryland history 
2026-09-25T06:15:21.675612+00:00,maryland history,2,Women of achievement in Maryland history 
2026-09-25T06:15:21.675612+00:00,maryland history,3,Maryland history and culture bibliography.
2026-09-25T06:15:21.675612+00:00,maryland history,4,Maryland history notes.
2026-09-25T06:15:21.675612+00:00,maryland history,5,Highlights of Maryland history as presented in the Darnell Young People's Museum: on exhibit at the Maryland Historical Society.
2026-09-25T06:25:44.601179+00:00,linear algebra,1,Linear algebra 
2026-09-25T06:25:44.601179+00:00,linear algebra,2,Linear algebra 
2026-09-25T06:25:44.601179+00:00,linear algebra,3,Linear algebra
2026-09-25T06:25:44.601179+00:00,linear algebra,4,Linear algebra 
2026-09-25T06:25:44.601179+00:00,linear algebra,5,Linear algebra 
2026-09-25T06:30:24.075706+00:00,Migration and Labor 1900,1,"Tramps and trade-union travelers : internal migration and organized labor in Gilded Age America, 1870-1900 "
2026-09-25T06:30:24.075706+00:00,Migration and Labor 1900,2,Migration and Labor Market Adjustment 
2026-09-25T06:30:24.075706+00:00,Migration and Labor 1900,3,Working on labor : essays in honor of Jan Lucassen 
2026-09-25T06:30:24.075706+00:00,Migration and Labor 1900,4,Negro migration in 1916-17 
2026-09-25T06:30:24.075706+00:00,Migration and Labor 1900,5,"The genesis of international mass migration : the British case, 1750-1900 "
2026-09-25T06:45:19.154028+00:00,cats AND dogs,1,Scientific and humane issues in the use of random source dogs and cats in research 
2026-09-25T06:45:19.154028+00:00,cats AND dogs,2,Scientific and humane issues in the use of random source dogs and cats in research 
2026-09-25T06:45:19.154028+00:00,cats AND dogs,3,Sunday morning. Osgood short : like dogs and cats 
2026-09-25T06:45:19.154028+00:00,cats AND dogs,4,Cats : a history 
2026-09-25T06:45:19.154028+00:00,cats AND dogs,5,Deafness in dogs and cats 
2026-09-25T07:00:31.888843+00:00,saltwater encroachment AND climate change,1,Simulation of salinity intrusion along the Georgia and South Carolina coasts using climate-change scenarios 
2026-09-25T07:00:31.888843+00:00,saltwater encroachment AND climate change,2,Simulation of salinity intrusion along the Georgia and South Carolina coasts using climate-change scenarios 
2026-09-25T07:00:31.888843+00:00,saltwater encroachment AND climate change,3,"Simulation of water-table and freshwater/saltwater interface response to climate-change-driven sea-level rise and changes in recharge at Fire Island National Seashore, New York "
2026-09-25T07:00:31.888843+00:00,saltwater encroachment AND climate change,4,"Simulation of water-table and freshwater/saltwater interface response to climate-change-driven sea-level rise and changes in recharge at Fire Island National Seashore, New York "
2026-09-25T07:00:31.888843+00:00,saltwater encroachment AND climate change,5,Sudden spring : stories of adaptation in a climate-changed South 
2026-09-25T07:15:20.274367+00:00,project management AND software,1,Project management 
2026-09-25T07:15:20.274367+00:00,project management AND software,2,The project management tool kit : 100 tips and techniques for getting the job done right 
2026-09-25T07:15:20.274367+00:00,project management AND software,3,Project management : case studies 
2026-09-25T07:15:20.274367+00:00,project management AND software,4,Painless project management with FogBugz
2026-09-25T07:15:20.274367+00:00,project management AND software,5,Adaptable project management : a combination of agile and project management for All (PM4A) 
2026-09-25T07:30:25.147570+00:00,history of japanese art,1,History of Japanese art 
2026-09-25T07:30:25.147570+00:00,history of japanese art,2,History of Japanese art 
2026-09-25T07:30:25.147570+00:00,history of japanese art,3,"History of Japanese art after 1945 : institutions, discourses, practice "
2026-09-25T07:30:25.147570+00:00,history of japanese art,4,A history of Japanese art  : from prehistory to the Taisho period 
2026-09-25T07:30:25.147570+00:00,history of japanese art,5,A concise history of Japanese art 
2026-09-25T07:45:21.345296+00:00,science,1,Science.
2026-09-25T07:45:21.345296+00:00,science,2,Science
2026-09-25T07:45:21.345296+00:00,science,3,Science.
2026-09-25T07:45:21.345296+00:00,science,4,Science 
2026-09-25T07:45:21.345296+00:00,science,5,Science 
2026-09-25T08:00:29.911148+00:00,maryland history,1,Maryland history 
2026-09-25T08:00:29.911148+00:00,maryland history,2,Women of achievement in Maryland history 
2026-09-25T08:00:29.911148+00:00,maryland history,3,Maryland history and culture bibliography.
2026-09-25T08:00:29.911148+00:00,maryland history,4,Maryland history notes.
2026-09-25T08:00:29.911148+00:00,maryland history,5,Highlights of Maryland history as presented in the Darnell Young People's Museum: on exhibit at the Maryland Historical Society.
2026-09-25T08:15:27.576701+00:00,linear algebra,1,Linear algebra 
2026-09-25T08:15:27.576701+00:00,linear algebra,2,Linear algebra 
2026-09-25T08:15:27.576701+00:00,linear algebra,3,Linear algebra
2026-09-25T08:15:27.576701+00:00,linear algebra,4,Linear algebra 
2026-09-25T08:15:27.576701+00:00,linear algebra,5,Linear algebra 
2026-09-25T08:30:23.863858+00:00,Migration and Labor 1900,1,"Tramps and trade-union travelers : internal migration and organized labor in Gilded Age America, 1870-1900 "
2026-09-25T08:30:23.863858+00:00,Migration and Labor 1900,2,Migration and Labor Market Adjustment 
2026-09-25T08:30:23.863858+00:00,Migration and Labor 1900,3,Working on labor : essays in honor of Jan Lucassen 
2026-09-25T08:30:23.863858+00:00,Migration and Labor 1900,4,Negro migration in 1916-17 
2026-09-25T08:30:23.863858+00:00,Migration and Labor 1900,5,"The genesis of international mass migration : the British case, 1750-1900 "
2026-09-25T08:45:19.689879+00:00,cats AND dogs,1,Scientific and humane issues in the use of random source dogs and cats in research 
2026-09-25T08:45:19.689879+00:00,cats AND dogs,2,Scientific and humane issues in the use of random source dogs and cats in research 
2026-09-25T08:45:19.689879+00:00,cats AND dogs,3,Sunday morning. Osgood short : like dogs and cats 
2026-09-25T08:45:19.689879+00:00,cats AND dogs,4,Cats : a history 
2026-09-25T08:45:19.689879+00:00,cats AND dogs,5,Deafness in dogs and cats 
2026-09-25T09:00:28.492220+00:00,saltwater encroachment AND climate change,1,Simulation of salinity intrusion along the Georgia and South Carolina coasts using climate-change scenarios 
2026-09-25T09:00:28.492220+00:00,saltwater encroachment AND climate change,2,Simulation of salinity intrusion along the Georgia and South Carolina coasts using climate-change scenarios 
2026-09-25T09:00:28.492220+00:00,saltwater encroachment AND climate change,3,"Simulation of water-table and freshwater/saltwater interface response to climate-change-driven sea-level rise and changes in recharge at Fire Island National Seashore, New York "
2026-09-25T09:00:28.492220+00:00,saltwater encroachment AND climate change,4,"Simulation of water-table and freshwater/saltwater interface response to climate-change-driven sea-level rise and changes in recharge at Fire Island National Seashore, New York "
2026-09-25T09:00:28.492220+00:00,saltwater encroachment AND climate change,5,Sudden spring : stories of adaptation in a climate-changed South 
2026-09-25T09:15:19.111280+00:00,project management AND software,1,Project management 
2026-09-25T09:15:19.111280+00:00,project management AND software,2,The project management tool kit : 100 tips and techniques for getting the job done right 
2026-09-25T09:15:19.111280+00:00,project management AND software,3,Project management : case studies 
2026-09-25T09:15:19.111280+00:00,project management AND software,4,Painless project management with FogBugz
2026-09-25T09:15:19.111280+00:00,project management AND software,5,Adaptable project management : a combination of agile and project management for All (PM4A) 
2026-09-25T09:30:25.209046+00:00,history of japanese art,1,History of Japanese art 
2026-09-25T09:30:25.209046+00:00,history of japanese art,2,History of Japanese art 
2026-09-25T09:30:25.209046+00:00,history of japanese art,3,"History of Japanese art after 1945 : institutions, discourses, practice "
2026-09-25T09:30:25.209046+00:00,history of japanese art,4,A history of Japanese art  : from prehistory to the Taisho period 
2026-09-25T09:30:25.209046+00:00,history of japanese art,5,A concise history of Japanese art 
2026-09-25T09:45:22.569678+00:00,science,1,Science.
2026-09-25T09:45:22.569678+00:00,science,2,Science
2026-09-25T09:45:22.569678+00:00,science,3,Science.
2026-09-25T09:45:22.569678+00:00,science,4,Science 
2026-09-25T09:45:22.569678+00:00,science,5,Science 
2026-09-25T10:00:26.060522+00:00,maryland history,1,Maryland history 
2026-09-25T10:00:26.060522+00:00,maryland history,2,Women of achievement in Maryland history 
2026-09-25T10:00:26.060522+00:00,maryland history,3,Maryland history and culture bibliography.
2026-09-25T10:00:26.060522+00:00,maryland history,4,Maryland history notes.
2026-09-25T10:00:26.060522+00:00,maryland history,5,Highlights of Maryland history as presented in the Darnell Young People's Museum: on exhibit at the Maryland Historical Society.
2026-09-25T10:15:22.276948+00:00,linear algebra,1,Linear algebra 
2026-09-25T10:15:22.276948+00:00,linear algebra,2,Linear algebra 
2026-09-25T10:15:22.276948+00:00,linear algebra,3,Linear algebra
2026-09-25T10:15:22.276948+00:00,linear algebra,4,Linear algebra 
2026-09-25T10:15:22.276948+00:00,linear algebra,5,Linear algebra 
2026-09-25T10:30:27.139071+00:00,Migration and Labor 1900,1,"Tramps and trade-union travelers : internal migration and organized labor in Gilded Age America, 1870-1900 "
2026-09-25T10:30:27.139071+00:00,Migration and Labor 1900,2,Migration and Labor Market Adjustment 
2026-09-25T10:30:27.139071+00:00,Migration and Labor 1900,3,Working on labor : essays in honor of Jan Lucassen 
2026-09-25T10:30:27.139071+00:00,Migration and Labor 1900,4,Negro migration in 1916-17 
2026-09-25T10:30:27.139071+00:00,Migration and Labor 1900,5,"The genesis of international mass migration : the British case, 1750-1900 "
2026-09-25T10:45:21.935054+00:00,cats AND dogs,1,Scientific and humane issues in the use of random source dogs and cats in research 
2026-09-25T10:45:21.935054+00:00,cats AND dogs,2,Scientific and humane issues in the use of random source dogs and cats in research 
2026-09-25T10:45:21.935054+00:00,cats AND dogs,3,Sunday morning. Osgood short : like dogs and cats 
2026-09-25T10:45:21.935054+00:00,cats AND dogs,4,Cats : a history 
2026-09-25T10:45:21.935054+00:00,cats AND dogs,5,Deafness in dogs and cats 
2026-09-25T11:00:32.073594+00:00,saltwater encroachment AND climate change,1,Simulation of salinity intrusion along the Georgia and South Carolina coasts using climate-change scenarios 
2026-09-25T11:00:32.073594+00:00,saltwater encroachment AND climate change,2,Simulation of salinity intrusion along the Georgia and South Carolina coasts using climate-change scenarios 
2026-09-25T11:00:32.073594+00:00,saltwater encroachment AND climate change,3,"Simulation of water-table and freshwater/saltwater interface response to climate-change-driven sea-level rise and changes in recharge at Fire Island National Seashore, New York "
2026-09-25T11:00:32.073594+00:00,saltwater encroachment AND climate change,4,"Simulation of water-table and freshwater/saltwater interface response to climate-change-driven sea-level rise and changes in recharge at Fire Island National Seashore, New York "
2026-09-25T11:00:32.073594+00:00,saltwater encroachment AND climate change,5,Sudden spring : stories of adaptation in a climate-changed South 
2026-09-25T11:15:24.401782+00:00,project management AND software,1,Project management 
2026-09-25T11:15:24.401782+00:00,project management AND software,2,The project management tool kit : 100 tips and techniques for getting the job done right 
2026-09-25T11:15:24.401782+00:00,project management AND software,3,Project management : case studies 
2026-09-25T11:15:24.401782+00:00,project management AND software,4,Painless project management with FogBugz
2026-09-25T11:15:24.401782+00:00,project management AND software,5,Adaptable project management : a combination of agile and project management for All (PM4A) 
2026-09-25T11:30:27.721154+00:00,history of japanese art,1,History of Japanese art 
2026-09-25T11:30:27.721154+00:00,history of japanese art,2,History of Japanese art 
2026-09-25T11:30:27.721154+00:00,history of japanese art,3,"History of Japanese art after 1945 : institutions, discourses, practice "
2026-09-25T11:30:27.721154+00:00,history of japanese art,4,A history of Japanese art  : from prehistory to the Taisho period 
2026-09-25T11:30:27.721154+00:00,history of japanese art,5,A concise history of Japanese art 
2026-09-25T11:45:20.015134+00:00,science,1,Science.
2026-09-25T11:45:20.015134+00:00,science,2,Science
2026-09-25T11:45:20.015134+00:00,science,3,Science.
2026-09-25T11:45:20.015134+00:00,science,4,Science 
2026-09-25T11:45:20.015134+00:00,science,5,Science 
2026-09-25T12:00:29.129310+00:00,maryland history,1,Maryland history 
2026-09-25T12:00:29.129310+00:00,maryland history,2,Women of achievement in Maryland history 
2026-09-25T12:00:29.129310+00:00,maryland history,3,Maryland history and culture bibliography.
2026-09-25T12:00:29.129310+00:00,maryland history,4,Maryland history notes.
2026-09-25T12:00:29.129310+00:00,maryland history,5,Highlights of Maryland history as presented in the Darnell Young People's Museum: on exhibit at the Maryland Historical Society.
2026-09-25T12:02:28.621792+00:00,linear algebra,1,Linear algebra 
2026-09-25T12:02:28.621792+00:00,linear algebra,2,Linear algebra 
2026-09-25T12:02:28.621792+00:00,linear algebra,3,Linear algebra
2026-09-25T12:02:28.621792+00:00,linear algebra,4,Linear algebra 
2026-09-25T12:02:28.621792+00:00,linear algebra,5,Linear algebra 
2026-09-25T12:15:18.477658+00:00,Migration and Labor 1900,1,"Tramps and trade-union travelers : internal migration and organized labor in Gilded Age America, 1870-1900 "
2026-09-25T12:15:18.477658+00:00,Migration and Labor 1900,2,Migration and Labor Market Adjustment 
2026-09-25T12:15:18.477658+00:00,Migration and Labor 1900,3,Working on labor : essays in honor of Jan Lucassen 
2026-09-25T12:15:18.477658+00:00,Migration and Labor 1900,4,Negro migration in 1916-17 
2026-09-25T12:15:18.477658+00:00,Migration and Labor 1900,5,"The genesis of international mass migration : the British case, 1750-1900 "
2026-09-25T12:30:23.618697+00:00,cats AND dogs,1,Scientific and humane issues in the use of random source dogs and cats in research 
2026-09-25T12:30:23.618697+00:00,cats AND dogs,2,Scientific and humane issues in the use of random source dogs and cats in research 
2026-09-25T12:30:23.618697+00:00,cats AND dogs,3,Sunday morning. Osgood short : like dogs and cats 
2026-09-25T12:30:23.618697+00:00,cats AND dogs,4,Cats : a history 
2026-09-25T12:30:23.618697+00:00,cats AND dogs,5,Deafness in dogs and cats 
2026-09-25T12:45:18.783722+00:00,saltwater encroachment AND climate change,1,Simulation of salinity intrusion along the Georgia and South Carolina coasts using climate-change scenarios 
2026-09-25T12:45:18.783722+00:00,saltwater encroachment AND climate change,2,Simulation of salinity intrusion along the Georgia and South Carolina coasts using climate-change scenarios 
2026-09-25T12:45:18.783722+00:00,saltwater encroachment AND climate change,3,"Simulation of water-table and freshwater/saltwater interface response to climate-change-driven sea-level rise and changes in recharge at Fire Island National Seashore, New York "
2026-09-25T12:45:18.783722+00:00,saltwater encroachment AND climate change,4,"Simulation of water-table and freshwater/saltwater interface response to climate-change-driven sea-level rise and changes in recharge at Fire Island National Seashore, New York "
2026-09-25T12:45:18.783722+00:00,saltwater encroachment AND climate change,5,Sudden spring : stories of adaptation in a climate-changed South 
2026-09-25T13:00:30.563188+00:00,project management AND software,1,Project management 
2026-09-25T13:00:30.563188+00:00,project management AND software,2,The project management tool kit : 100 tips and techniques for getting the job done right 
2026-09-25T13:00:30.563188+00:00,project management AND software,3,Project management : case studies 
2026-09-25T13:00:30.563188+00:00,project management AND software,4,Painless project management with FogBugz
2026-09-25T13:00:30.563188+00:00,project management AND software,5,Adaptable project management : a combination of agile and project management for All (PM4A) 
2026-09-25T13:15:26.655636+00:00,history of japanese art,1,History of Japanese art 
2026-09-25T13:15:26.655636+00:00,history of japanese art,2,History of Japanese art 
2026-09-25T13:15:26.655636+00:00,history of japanese art,3,"History of Japanese art after 1945 : institutions, discourses, practice "
2026-09-25T13:15:26.655636+00:00,history of japanese art,4,A history of Japanese art  : from prehistory to the Taisho period 
2026-09-25T13:15:26.655636+00:00,history of japanese art,5,A concise history of Japanese art 
2026-09-25T13:30:26.786658+00:00,science,1,Science.
2026-09-25T13:30:26.786658+00:00,science,2,Science
2026-09-25T13:30:26.786658+00:00,science,3,Science.
2026-09-25T13:30:26.786658+00:00,science,4,Science 
2026-09-25T13:30:26.786658+00:00,science,5,Science 
2026-09-25T13:45:24.892247+00:00,maryland history,1,Maryland history 
2026-09-25T13:45:24.892247+00:00,maryland history,2,Women of achievement in Maryland history 
2026-09-25T13:45:24.892247+00:00,maryland history,3,Maryland history and culture bibliography.
2026-09-25T13:45:24.892247+00:00,maryland history,4,Maryland history notes.
2026-09-25T13:45:24.892247+00:00,maryland history,5,Highlights of Maryland history as presented in the Darnell Young People's Museum: on exhibit at the Maryland Historical Society.
2026-09-25T14:00:28.042340+00:00,linear algebra,1,Linear algebra 
2026-09-25T14:00:28.042340+00:00,linear algebra,2,Linear algebra 
2026-09-25T14:00:28.042340+00:00,linear algebra,3,Linear algebra
2026-09-25T14:00:28.042340+00:00,linear algebra,4,Linear algebra 
2026-09-25T14:00:28.042340+00:00,linear algebra,5,Linear algebra 
2026-09-25T14:15:18.212920+00:00,Migration and Labor 1900,1,"Tramps and trade-union travelers : internal migration and organized labor in Gilded Age America, 1870-1900 "
2026-09-25T14:15:18.212920+00:00,Migration and Labor 1900,2,Migration and Labor Market Adjustment 
2026-09-25T14:15:18.212920+00:00,Migration and Labor 1900,3,Working on labor : essays in honor of Jan Lucassen 
2026-09-25T14:15:18.212920+00:00,Migration and Labor 1900,4,Negro migration in 1916-17 
2026-09-25T14:15:18.212920+00:00,Migration and Labor 1900,5,"The genesis of international mass migration : the British case, 1750-1900 "
2026-09-25T14:30:23.349141+00:00,cats AND dogs,1,Scientific and humane issues in the use of random source dogs and cats in research 
2026-09-25T14:30:23.349141+00:00,cats AND dogs,2,Scientific and humane issues in the use of random source dogs and cats in research 
2026-09-25T14:30:23.349141+00:00,cats AND dogs,3,Sunday morning. Osgood short : like dogs and cats 
2026-09-25T14:30:23.349141+00:00,cats AND dogs,4,Cats : a history 
2026-09-25T14:30:23.349141+00:00,cats AND dogs,5,Deafness in dogs and cats 
2026-09-25T14:45:25.285073+00:00,saltwater encroachment AND climate change,1,Simulation of salinity intrusion along the Georgia and South Carolina coasts using climate-change scenarios 
2026-09-25T14:45:25.285073+00:00,saltwater encroachment AND climate change,2,Simulation of salinity intrusion along the Georgia and South Carolina coasts using climate-change scenarios 
2026-09-25T14:45:25.285073+00:00,saltwater encroachment AND climate change,3,"Simulation of water-table and freshwater/saltwater interface response to climate-change-driven sea-level rise and changes in recharge at Fire Island National Seashore, New York "
2026-09-25T14:45:25.285073+00:00,saltwater encroachment AND climate change,4,"Simulation of water-table and freshwater/saltwater interface response to climate-change-driven sea-level rise and changes in recharge at Fire Island National Seashore, New York "
2026-09-25T14:45:25.285073+00:00,saltwater encroachment AND climate change,5,Sudden spring : stories of adaptation in a climate-changed South 
2026-09-25T15:00:32.976343+00:00,project management AND software,1,Project management 
2026-09-25T15:00:32.976343+00:00,project management AND software,2,The project management tool kit : 100 tips and techniques for getting the job done right 
2026-09-25T15:00:32.976343+00:00,project management AND software,3,Project management : case studies 
2026-09-25T15:00:32.976343+00:00,project management AND software,4,Painless project management with FogBugz
2026-09-25T15:00:32.976343+00:00,project management AND software,5,Adaptable project management : a combination of agile and project management for All (PM4A) 
2026-09-25T15:15:20.270815+00:00,history of japanese art,1,History of Japanese art 
2026-09-25T15:15:20.270815+00:00,history of japanese art,2,History of Japanese art 
2026-09-25T15:15:20.270815+00:00,history of japanese art,3,"History of Japanese art after 1945 : institutions, discourses, practice "
2026-09-25T15:15:20.270815+00:00,history of japanese art,4,A history of Japanese art  : from prehistory to the Taisho period 
2026-09-25T15:15:20.270815+00:00,history of japanese art,5,A concise history of Japanese art 
2026-09-25T15:30:28.594370+00:00,science,1,Science.
2026-09-25T15:30:28.594370+00:00,science,2,Science
2026-09-25T15:30:28.594370+00:00,science,3,Science.
2026-09-25T15:30:28.594370+00:00,science,4,Science 
2026-09-25T15:30:28.594370+00:00,science,5,Science 
2026-09-25T15:45:20.687641+00:00,maryland history,1,Maryland history 
2026-09-25T15:45:20.687641+00:00,maryland history,2,Women of achievement in Maryland history 
2026-09-25T15:45:20.687641+00:00,maryland history,3,Maryland history and culture bibliography.
2026-09-25T15:45:20.687641+00:00,maryland history,4,Maryland history notes.
2026-09-25T15:45:20.687641+00:00,maryland history,5,Highlights of Maryland history as presented in the Darnell Young People's Museum: on exhibit at the Maryland Historical Society.
2026-09-25T16:00:28.716274+00:00,linear algebra,1,Linear algebra 
2026-09-25T16:00:28.716274+00:00,linear algebra,2,Linear algebra 
2026-09-25T16:00:28.716274+00:00,linear algebra,3,Linear algebra
2026-09-25T16:00:28.716274+00:00,linear algebra,4,Linear algebra 
2026-09-25T16:00:28.716274+00:00,linear algebra,5,Linear algebra 
2026-09-25T16:15:23.421146+00:00,Migration and Labor 1900,1,"Tramps and trade-union travelers : internal migration and organized labor in Gilded Age America, 1870-1900 "
2026-09-25T16:15:23.421146+00:00,Migration and Labor 1900,2,Migration and Labor Market Adjustment 
2026-09-25T16:15:23.421146+00:00,Migration and Labor 1900,3,Working on labor : essays in honor of Jan Lucassen 
2026-09-25T16:15:23.421146+00:00,Migration and Labor 1900,4,Negro migration in 1916-17 
2026-09-25T16:15:23.421146+00:00,Migration and Labor 1900,5,"The genesis of international mass migration : the British case, 1750-1900 "
2026-09-25T16:30:24.634782+00:00,cats AND dogs,1,Scientific and humane issues in the use of random source dogs and cats in research 
2026-09-25T16:30:24.634782+00:00,cats AND dogs,2,Scientific and humane issues in the use of random source dogs and cats in research 
2026-09-25T16:30:24.634782+00:00,cats AND dogs,3,Sunday morning. Osgood short : like dogs and cats 
2026-09-25T16:30:24.634782+00:00,cats AND dogs,4,Cats : a history 
2026-09-25T16:30:24.634782+00:00,cats AND dogs,5,Deafness in dogs and cats 
2026-09-25T16:45:23.055245+00:00,saltwater encroachment AND climate change,1,Simulation of salinity intrusion along the Georgia and South Carolina coasts using climate-change scenarios 
2026-09-25T16:45:23.055245+00:00,saltwater encroachment AND climate change,2,Simulation of salinity intrusion along the Georgia and South Carolina coasts using climate-change scenarios 
2026-09-25T16:45:23.055245+00:00,saltwater encroachment AND climate change,3,"Simulation of water-table and freshwater/saltwater interface response to climate-change-driven sea-level rise and changes in recharge at Fire Island National Seashore, New York "
2026-09-25T16:45:23.055245+00:00,saltwater encroachment AND climate change,4,"Simulation of water-table and freshwater/saltwater interface response to climate-change-driven sea-level rise and changes in recharge at Fire Island National Seashore, New York "
2026-09-25T16:45:23.055245+00:00,saltwater encroachment AND climate change,5,Sudden spring : stories of adaptation in a climate-changed South 
2026-09-25T17:00:28.848460+00:00,project management AND software,1,Project management 
2026-09-25T17:00:28.848460+00:00,project management AND software,2,The project management tool kit : 100 tips and techniques for getting the job done right 
2026-09-25T17:00:28.848460+00:00,project management AND software,3,Project management : case studies 
2026-09-25T17:00:28.848460+00:00,project management AND software,4,Painless project management with FogBugz
2026-09-25T17:00:28.848460+00:00,project management AND software,5,Adaptable project management : a combination of agile and project management for All (PM4A) 
2026-09-25T17:06:54.623823+00:00,history of japanese art,1,History of Japanese art 
2026-09-25T17:06:54.623823+00:00,history of japanese art,2,History of Japanese art 
2026-09-25T17:06:54.623823+00:00,history of japanese art,3,"History of Japanese art after 1945 : institutions, discourses, practice "
2026-09-25T17:06:54.623823+00:00,history of japanese art,4,A history of Japanese art  : from prehistory to the Taisho period 
2026-09-25T17:06:54.623823+00:00,history of japanese art,5,A concise history of Japanese art 
2026-09-25T17:15:20.302874+00:00,science,1,Science.
2026-09-25T17:15:20.302874+00:00,science,2,Science
2026-09-25T17:15:20.302874+00:00,science,3,Science.
2026-09-25T17:15:20.302874+00:00,science,4,Science 
2026-09-25T17:15:20.302874+00:00,science,5,Science 
2026-09-25T17:30:24.006163+00:00,maryland history,1,Maryland history 
2026-09-25T17:30:24.006163+00:00,maryland history,2,Women of achievement in Maryland history 
2026-09-25T17:30:24.006163+00:00,maryland history,3,Maryland history and culture bibliography.
2026-09-25T17:30:24.006163+00:00,maryland history,4,Maryland history notes.
2026-09-25T17:30:24.006163+00:00,maryland history,5,Highlights of Maryland history as presented in the Darnell Young People's Museum: on exhibit at the Maryland Historical Society.
2026-09-25T17:45:19.796072+00:00,linear algebra,1,Linear algebra 
2026-09-25T17:45:19.796072+00:00,linear algebra,2,Linear algebra 
2026-09-25T17:45:19.796072+00:00,linear algebra,3,Linear algebra
2026-09-25T17:45:19.796072+00:00,linear algebra,4,Linear algebra 
2026-09-25T17:45:19.796072+00:00,linear algebra,5,Linear algebra 
2026-09-25T18:00:28.943488+00:00,Migration and Labor 1900,1,"Tramps and trade-union travelers : internal migration and organized labor in Gilded Age America, 1870-1900 "
2026-09-25T18:00:28.943488+00:00,Migration and Labor 1900,2,Migration and Labor Market Adjustment 
2026-09-25T18:00:28.943488+00:00,Migration and Labor 1900,3,Working on labor : essays in honor of Jan Lucassen 
2026-09-25T18:00:28.943488+00:00,Migration and Labor 1900,4,Negro migration in 1916-17 
2026-09-25T18:00:28.943488+00:00,Migration and Labor 1900,5,"The genesis of international mass migration : the British case, 1750-1900 "
2026-09-25T18:15:22.312555+00:00,cats AND dogs,1,Scientific and humane issues in the use of random source dogs and cats in research 
2026-09-25T18:15:22.312555+00:00,cats AND dogs,2,Scientific and humane issues in the use of random source dogs and cats in research 
2026-09-25T18:15:22.312555+00:00,cats AND dogs,3,Sunday morning. Osgood short : like dogs and cats 
2026-09-25T18:15:22.312555+00:00,cats AND dogs,4,Cats : a history 
2026-09-25T18:15:22.312555+00:00,cats AND dogs,5,Deafness in dogs and cats 
2026-09-25T18:30:27.748073+00:00,saltwater encroachment AND climate change,1,Simulation of salinity intrusion along the Georgia and South Carolina coasts using climate-change scenarios 
2026-09-25T18:30:27.748073+00:00,saltwater encroachment AND climate change,2,Simulation of salinity intrusion along the Georgia and South Carolina coasts using climate-change scenarios 
2026-09-25T18:30:27.748073+00:00,saltwater encroachment AND climate change,3,"Simulation of water-table and freshwater/saltwater interface response to climate-change-driven sea-level rise and changes in recharge at Fire Island National Seashore, New York "
2026-09-25T18:30:27.748073+00:00,saltwater encroachment AND climate change,4,"Simulation of water-table and freshwater/saltwater interface response to climate-change-driven sea-level rise and changes in recharge at Fire Island National Seashore, New York "
2026-09-25T18:30:27.748073+00:00,saltwater encroachment AND climate change,5,Sudden spring : stories of adaptation in a climate-changed South 
2026-09-25T18:45:21.828549+00:00,project management AND software,1,Project management 
2026-09-25T18:45:21.828549+00:00,project management AND software,2,The project management tool kit : 100 tips and techniques for getting the job done right 
2026-09-25T18:45:21.828549+00:00,project management AND software,3,Project management : case studies 
2026-09-25T18:45:21.828549+00:00,project management AND software,4,Painless project management with FogBugz
2026-09-25T18:45:21.828549+00:00,project management AND software,5,Adaptable project management : a combination of agile and project management for All (PM4A) 
2026-09-25T19:00:37.537518+00:00,history of japanese art,1,History of Japanese art 
2026-09-25T19:00:37.537518+00:00,history of japanese art,2,History of Japanese art 
2026-09-25T19:00:37.537518+00:00,history of japanese art,3,"History of Japanese art after 1945 : institutions, discourses, practice "
2026-09-25T19:00:37.537518+00:00,history of japanese art,4,A history of Japanese art  : from prehistory to the Taisho period 
2026-09-25T19:00:37.537518+00:00,history of japanese art,5,A concise history of Japanese art 
2026-09-25T19:15:20.271992+00:00,science,1,Science.
2026-09-25T19:15:20.271992+00:00,science,2,Science
2026-09-25T19:15:20.271992+00:00,science,3,Science.
2026-09-25T19:15:20.271992+00:00,science,4,Science 
2026-09-25T19:15:20.271992+00:00,science,5,Science 
2026-09-25T19:30:25.314316+00:00,maryland history,1,Maryland history 
2026-09-25T19:30:25.314316+00:00,maryland history,2,Women of achievement in Maryland history 
2026-09-25T19:30:25.314316+00:00,maryland history,3,Maryland history and culture bibliography.
2026-09-25T19:30:25.314316+00:00,maryland history,4,Maryland history notes.
2026-09-25T19:30:25.314316+00:00,maryland history,5,Highlights of Maryland history as presented in the Darnell Young People's Museum: on exhibit at the Maryland Historical Society.
2026-09-25T19:45:19.971378+00:00,linear algebra,1,Linear algebra 
2026-09-25T19:45:19.971378+00:00,linear algebra,2,Linear algebra 
2026-09-25T19:45:19.971378+00:00,linear algebra,3,Linear algebra
2026-09-25T19:45:19.971378+00:00,linear algebra,4,Linear algebra 
2026-09-25T19:45:19.971378+00:00,linear algebra,5,Linear algebra 
2026-09-25T20:00:26.743986+00:00,Migration and Labor 1900,1,"Tramps and trade-union travelers : internal migration and organized labor in Gilded Age America, 1870-1900 "
2026-09-25T20:00:26.743986+00:00,Migration and Labor 1900,2,Migration and Labor Market Adjustment 
2026-09-25T20:00:26.743986+00:00,Migration and Labor 1900,3,Working on labor : essays in honor of Jan Lucassen 
2026-09-25T20:00:26.743986+00:00,Migration and Labor 1900,4,Negro migration in 1916-17 
2026-09-25T20:00:26.743986+00:00,Migration and Labor 1900,5,"The genesis of international mass migration : the British case, 1750-1900 "
2026-09-25T20:15:18.799555+00:00,cats AND dogs,1,Scientific and humane issues in the use of random source dogs and cats in research 
2026-09-25T20:15:18.799555+00:00,cats AND dogs,2,Scientific and humane issues in the use of random source dogs and cats in research 
2026-09-25T20:15:18.799555+00:00,cats AND dogs,3,Sunday morning. Osgood short : like dogs and cats 
2026-09-25T20:15:18.799555+00:00,cats AND dogs,4,Cats : a history 
2026-09-25T20:15:18.799555+00:00,cats AND dogs,5,Deafness in dogs and cats 
2026-09-25T20:28:02.635860+00:00,saltwater encroachment AND climate change,1,Simulation of salinity intrusion along the Georgia and South Carolina coasts using climate-change scenarios 
2026-09-25T20:28:02.635860+00:00,saltwater encroachment AND climate change,2,Simulation of salinity intrusion along the Georgia and South Carolina coasts using climate-change scenarios 
2026-09-25T20:28:02.635860+00:00,saltwater encroachment AND climate change,3,"Simulation of water-table and freshwater/saltwater interface response to climate-change-driven sea-level rise and changes in recharge at Fire Island National Seashore, New York "
2026-09-25T20:28:02.635860+00:00,saltwater encroachment AND climate change,4,"Simulation of water-table and freshwater/saltwater interface response to climate-change-driven sea-level rise and changes in recharge at Fire Island National Seashore, New York "
2026-09-25T20:28:02.635860+00:00,saltwater encroachment AND climate change,5,Sudden spring : stories of adaptation in a climate-changed South 
2026-09-25T20:30:22.779399+00:00,project management AND software,1,Project management 
2026-09-25T20:30:22.779399+00:00,project management AND software,2,The project management tool kit : 100 tips and techniques for getting the job done right 
2026-09-25T20:30:22.779399+00:00,project management AND software,3,Project management : case studies 
2026-09-25T20:30:22.779399+00:00,project management AND software,4,Painless project management with FogBugz
2026-09-25T20:30:22.779399+00:00,project management AND software,5,Adaptable project management : a combination of agile and project management for All (PM4A) 
2026-09-25T20:45:19.885601+00:00,history of japanese art,1,History of Japanese art 
2026-09-25T20:45:19.885601+00:00,history of japanese art,2,History of Japanese art 
2026-09-25T20:45:19.885601+00:00,history of japanese art,3,"History of Japanese art after 1945 : institutions, discourses, practice "
2026-09-25T20:45:19.885601+00:00,history of japanese art,4,A history of Japanese art  : from prehistory to the Taisho period 
2026-09-25T20:45:19.885601+00:00,history of japanese art,5,A concise history of Japanese art 
2026-09-25T21:00:30.635755+00:00,science,1,Science.
2026-09-25T21:00:30.635755+00:00,science,2,Science
2026-09-25T21:00:30.635755+00:00,science,3,Science.
2026-09-25T21:00:30.635755+00:00,science,4,Science 
2026-09-25T21:00:30.635755+00:00,science,5,Science 
2026-09-25T21:15:19.667127+00:00,maryland history,1,Maryland history 
2026-09-25T21:15:19.667127+00:00,maryland history,2,Women of achievement in Maryland history 
2026-09-25T21:15:19.667127+00:00,maryland history,3,Maryland history and culture bibliography.
2026-09-25T21:15:19.667127+00:00,maryland history,4,Maryland history notes.
2026-09-25T21:15:19.667127+00:00,maryland history,5,Highlights of Maryland history as presented in the Darnell Young People's Museum: on exhibit at the Maryland Historical Society.
2026-09-25T21:30:24.738346+00:00,linear algebra,1,Linear algebra 
2026-09-25T21:30:24.738346+00:00,linear algebra,2,Linear algebra 
2026-09-25T21:30:24.738346+00:00,linear algebra,3,Linear algebra
2026-09-25T21:30:24.738346+00:00,linear algebra,4,Linear algebra 
2026-09-25T21:30:24.738346+00:00,linear algebra,5,Linear algebra 
2026-09-25T21:45:18.902538+00:00,Migration and Labor 1900,1,"Tramps and trade-union travelers : internal migration and organized labor in Gilded Age America, 1870-1900 "
2026-09-25T21:45:18.902538+00:00,Migration and Labor 1900,2,Migration and Labor Market Adjustment 
2026-09-25T21:45:18.902538+00:00,Migration and Labor 1900,3,Working on labor : essays in honor of Jan Lucassen 
2026-09-25T21:45:18.902538+00:00,Migration and Labor 1900,4,Negro migration in 1916-17 
2026-09-25T21:45:18.902538+00:00,Migration and Labor 1900,5,"The genesis of international mass migration : the British case, 1750-1900 "
2026-09-25T22:00:27.716808+00:00,cats AND dogs,1,Scientific and humane issues in the use of random source dogs and cats in research 
2026-09-25T22:00:27.716808+00:00,cats AND dogs,2,Scientific and humane issues in the use of random source dogs and cats in research 
2026-09-25T22:00:27.716808+00:00,cats AND dogs,3,Sunday morning. Osgood short : like dogs and cats 
2026-09-25T22:00:27.716808+00:00,cats AND dogs,4,Cats : a history 
2026-09-25T22:00:27.716808+00:00,cats AND dogs,5,Deafness in dogs and cats 
2026-09-25T22:15:16.708937+00:00,saltwater encroachment AND climate change,1,Simulation of salinity intrusion along the Georgia and South Carolina coasts using climate-change scenarios 
2026-09-25T22:15:16.708937+00:00,saltwater encroachment AND climate change,2,Simulation of salinity intrusion along the Georgia and South Carolina coasts using climate-change scenarios 
2026-09-25T22:15:16.708937+00:00,saltwater encroachment AND climate change,3,"Simulation of water-table and freshwater/saltwater interface response to climate-change-driven sea-level rise and changes in recharge at Fire Island National Seashore, New York "
2026-09-25T22:15:16.708937+00:00,saltwater encroachment AND climate change,4,"Simulation of water-table and freshwater/saltwater interface response to climate-change-driven sea-level rise and changes in recharge at Fire Island National Seashore, New York "
2026-09-25T22:15:16.708937+00:00,saltwater encroachment AND climate change,5,Sudden spring : stories of adaptation in a climate-changed South 
2026-09-25T22:30:22.247515+00:00,project management AND software,1,Project management 
2026-09-25T22:30:22.247515+00:00,project management AND software,2,The project management tool kit : 100 tips and techniques for getting the job done right 
2026-09-25T22:30:22.247515+00:00,project management AND software,3,Project management : case studies 
2026-09-25T22:30:22.247515+00:00,project management AND software,4,Painless project management with FogBugz
2026-09-25T22:30:22.247515+00:00,project management AND software,5,Adaptable project management : a combination of agile and project management for All (PM4A) 
2026-09-25T22:45:19.001626+00:00,history of japanese art,1,History of Japanese art 
2026-09-25T22:45:19.001626+00:00,history of japanese art,2,History of Japanese art 
2026-09-25T22:45:19.001626+00:00,history of japanese art,3,"History of Japanese art after 1945 : institutions, discourses, practice "
2026-09-25T22:45:19.001626+00:00,history of japanese art,4,A history of Japanese art  : from prehistory to the Taisho period 
2026-09-25T22:45:19.001626+00:00,history of japanese art,5,A concise history of Japanese art 
2026-09-25T23:00:30.147906+00:00,science,1,Science.
2026-09-25T23:00:30.147906+00:00,science,2,Science
2026-09-25T23:00:30.147906+00:00,science,3,Science.
2026-09-25T23:00:30.147906+00:00,science,4,Science 
2026-09-25T23:00:30.147906+00:00,science,5,Science 
2026-09-25T23:15:19.336168+00:00,maryland history,1,Maryland history 
2026-09-25T23:15:19.336168+00:00,maryland history,2,Women of achievement in Maryland history 
2026-09-25T23:15:19.336168+00:00,maryland history,3,Maryland history and culture bibliography.
2026-09-25T23:15:19.336168+00:00,maryland history,4,Maryland history notes.
2026-09-25T23:15:19.336168+00:00,maryland history,5,Highlights of Maryland history as presented in the Darnell Young People's Museum: on exhibit at the Maryland Historical Society.
2026-09-25T23:24:03.944728+00:00,linear algebra,1,Linear algebra 
2026-09-25T23:24:03.944728+00:00,linear algebra,2,Linear algebra 
2026-09-25T23:24:03.944728+00:00,linear algebra,3,Linear algebra
2026-09-25T23:24:03.944728+00:00,linear algebra,4,Linear algebra 
2026-09-25T23:24:03.944728+00:00,linear algebra,5,Linear algebra 
2026-09-25T23:30:21.702676+00:00,Migration and Labor 1900,1,"Tramps and trade-union travelers : internal migration and organized labor in Gilded Age America, 1870-1900 "
2026-09-25T23:30:21.702676+00:00,Migration and Labor 1900,2,Migration and Labor Market Adjustment 
2026-09-25T23:30:21.702676+00:00,Migration and Labor 1900,3,Working on labor : essays in honor of Jan Lucassen 
2026-09-25T23:30:21.702676+00:00,Migration and Labor 1900,4,Negro migration in 1916-17 
2026-09-25T23:30:21.702676+00:00,Migration and Labor 1900,5,"The genesis of international mass migration : the British case, 1750-1900 "
2026-09-25T23:45:17.722958+00:00,cats AND dogs,1,Scientific and humane issues in the use of random source dogs and cats in research 
2026-09-25T23:45:17.722958+00:00,cats AND dogs,2,Scientific and humane issues in the use of random source dogs and cats in research 
2026-09-25T23:45:17.722958+00:00,cats AND dogs,3,Sunday morning. Osgood short : like dogs and cats 
2026-09-25T23:45:17.722958+00:00,cats AND dogs,4,Cats : a history 
2026-09-25T23:45:17.722958+00:00,cats AND dogs,5,Deafness in dogs and cats 
2026-09-26T00:00:28.209275+00:00,saltwater encroachment AND climate change,1,Simulation of salinity intrusion along the Georgia and South Carolina coasts using climate-change scenarios 
2026-09-26T00:00:28.209275+00:00,saltwater encroachment AND climate change,2,Simulation of salinity intrusion along the Georgia and South Carolina coasts using climate-change scenarios 
2026-09-26T00:00:28.209275+00:00,saltwater encroachment AND climate change,3,"Simulation of water-table and freshwater/saltwater interface response to climate-change-driven sea-level rise and changes in recharge at Fire Island National Seashore, New York "
2026-09-26T00:00:28.209275+00:00,saltwater encroachment AND climate change,4,"Simulation of water-table and freshwater/saltwater interface response to climate-change-driven sea-level rise and changes in recharge at Fire Island National Seashore, New York "
2026-09-26T00:00:28.209275+00:00,saltwater encroachment AND climate change,5,Sudden spring : stories of adaptation in a climate-changed South 
2026-09-26T00:15:55.261288+00:00,project management AND software,1,Project management 
2026-09-26T00:15:55.261288+00:00,project management AND software,2,The project management tool kit : 100 tips and techniques for getting the job done right 
2026-09-26T00:15:55.261288+00:00,project management AND software,3,Project management : case studies 
2026-09-26T00:15:55.261288+00:00,project management AND software,4,Painless project management with FogBugz
2026-09-26T00:15:55.261288+00:00,project management AND software,5,Adaptable project management : a combination of agile and project management for All (PM4A) 
2026-09-26T00:30:22.648033+00:00,history of japanese art,1,History of Japanese art 
2026-09-26T00:30:22.648033+00:00,history of japanese art,2,History of Japanese art 
2026-09-26T00:30:22.648033+00:00,history of japanese art,3,"History of Japanese art after 1945 : institutions, discourses, practice "
2026-09-26T00:30:22.648033+00:00,history of japanese art,4,A history of Japanese art  : from prehistory to the Taisho period 
2026-09-26T00:30:22.648033+00:00,history of japanese art,5,A concise history of Japanese art 
2026-09-26T00:45:17.343265+00:00,science,1,Science.
2026-09-26T00:45:17.343265+00:00,science,2,Science
2026-09-26T00:45:17.343265+00:00,science,3,Science.
2026-09-26T00:45:17.343265+00:00,science,4,Science 
2026-09-26T00:45:17.343265+00:00,science,5,Science 
2026-09-26T01:00:28.121238+00:00,maryland history,1,Maryland history 
2026-09-26T01:00:28.121238+00:00,maryland history,2,Women of achievement in Maryland history 
2026-09-26T01:00:28.121238+00:00,maryland history,3,Maryland history and culture bibliography.
2026-09-26T01:00:28.121238+00:00,maryland history,4,Maryland history notes.
2026-09-26T01:00:28.121238+00:00,maryland history,5,Highlights of Maryland history as presented in the Darnell Young People's Museum: on exhibit at the Maryland Historical Society.
2026-09-26T01:15:21.950913+00:00,linear algebra,1,Linear algebra 
2026-09-26T01:15:21.950913+00:00,linear algebra,2,Linear algebra 
2026-09-26T01:15:21.950913+00:00,linear algebra,3,Linear algebra
2026-09-26T01:15:21.950913+00:00,linear algebra,4,Linear algebra 
2026-09-26T01:15:21.950913+00:00,linear algebra,5,Linear algebra 
2026-09-26T01:30:26.363533+00:00,Migration and Labor 1900,1,"Tramps and trade-union travelers : internal migration and organized labor in Gilded Age America, 1870-1900 "
2026-09-26T01:30:26.363533+00:00,Migration and Labor 1900,2,Migration and Labor Market Adjustment 
2026-09-26T01:30:26.363533+00:00,Migration and Labor 1900,3,Working on labor : essays in honor of Jan Lucassen 
2026-09-26T01:30:26.363533+00:00,Migration and Labor 1900,4,Negro migration in 1916-17 
2026-09-26T01:30:26.363533+00:00,Migration and Labor 1900,5,"The genesis of international mass migration : the British case, 1750-1900 "
2026-09-26T01:45:16.552784+00:00,cats AND dogs,1,Scientific and humane issues in the use of random source dogs and cats in research 
2026-09-26T01:45:16.552784+00:00,cats AND dogs,2,Scientific and humane issues in the use of random source dogs and cats in research 
2026-09-26T01:45:16.552784+00:00,cats AND dogs,3,Sunday morning. Osgood short : like dogs and cats 
2026-09-26T01:45:16.552784+00:00,cats AND dogs,4,Cats : a history 
2026-09-26T01:45:16.552784+00:00,cats AND dogs,5,Deafness in dogs and cats 
2026-09-26T02:00:26.788127+00:00,saltwater encroachment AND climate change,1,Simulation of salinity intrusion along the Georgia and South Carolina coasts using climate-change scenarios 
2026-09-26T02:00:26.788127+00:00,saltwater encroachment AND climate change,2,Simulation of salinity intrusion along the Georgia and South Carolina coasts using climate-change scenarios 
2026-09-26T02:00:26.788127+00:00,saltwater encroachment AND climate change,3,"Simulation of water-table and freshwater/saltwater interface response to climate-change-driven sea-level rise and changes in recharge at Fire Island National Seashore, New York "
2026-09-26T02:00:26.788127+00:00,saltwater encroachment AND climate change,4,"Simulation of water-table and freshwater/saltwater interface response to climate-change-driven sea-level rise and changes in recharge at Fire Island National Seashore, New York "
2026-09-26T02:00:26.788127+00:00,saltwater encroachment AND climate change,5,Sudden spring : stories of adaptation in a climate-changed South 
2026-09-26T02:15:20.849661+00:00,project management AND software,1,Project management 
2026-09-26T02:15:20.849661+00:00,project management AND software,2,The project management tool kit : 100 tips and techniques for getting the job done right 
2026-09-26T02:15:20.849661+00:00,project management AND software,3,Project management : case studies 
2026-09-26T02:15:20.849661+00:00,project management AND software,4,Painless project management with FogBugz
2026-09-26T02:15:20.849661+00:00,project management AND software,5,Adaptable project management : a combination of agile and project management for All (PM4A) 
2026-09-26T02:30:21.884317+00:00,history of japanese art,1,History of Japanese art 
2026-09-26T02:30:21.884317+00:00,history of japanese art,2,History of Japanese art 
2026-09-26T02:30:21.884317+00:00,history of japanese art,3,"History of Japanese art after 1945 : institutions, discourses, practice "
2026-09-26T02:30:21.884317+00:00,history of japanese art,4,A history of Japanese art  : from prehistory to the Taisho period 
2026-09-26T02:30:21.884317+00:00,history of japanese art,5,A concise history of Japanese art 
2026-09-26T02:45:18.995747+00:00,science,1,Science.
2026-09-26T02:45:18.995747+00:00,science,2,Science
2026-09-26T02:45:18.995747+00:00,science,3,Science.
2026-09-26T02:45:18.995747+00:00,science,4,Science 
2026-09-26T02:45:18.995747+00:00,science,5,Science 
2026-09-26T03:00:28.301536+00:00,maryland history,1,Maryland history 
2026-09-26T03:00:28.301536+00:00,maryland history,2,Women of achievement in Maryland history 
2026-09-26T03:00:28.301536+00:00,maryland history,3,Maryland history and culture bibliography.
2026-09-26T03:00:28.301536+00:00,maryland history,4,Maryland history notes.
2026-09-26T03:00:28.301536+00:00,maryland history,5,Highlights of Maryland history as presented in the Darnell Young People's Museum: on exhibit at the Maryland Historical Society.
2026-09-26T03:15:17.736968+00:00,linear algebra,1,Linear algebra 
2026-09-26T03:15:17.736968+00:00,linear algebra,2,Linear algebra 
2026-09-26T03:15:17.736968+00:00,linear algebra,3,Linear algebra
2026-09-26T03:15:17.736968+00:00,linear algebra,4,Linear algebra 
2026-09-26T03:15:17.736968+00:00,linear algebra,5,Linear algebra 
2026-09-26T03:30:22.758085+00:00,Migration and Labor 1900,1,"Tramps and trade-union travelers : internal migration and organized labor in Gilded Age America, 1870-1900 "
2026-09-26T03:30:22.758085+00:00,Migration and Labor 1900,2,Migration and Labor Market Adjustment 
2026-09-26T03:30:22.758085+00:00,Migration and Labor 1900,3,Working on labor : essays in honor of Jan Lucassen 
2026-09-26T03:30:22.758085+00:00,Migration and Labor 1900,4,Negro migration in 1916-17 
2026-09-26T03:30:22.758085+00:00,Migration and Labor 1900,5,"The genesis of international mass migration : the British case, 1750-1900 "
2026-09-26T03:45:18.279219+00:00,cats AND dogs,1,Scientific and humane issues in the use of random source dogs and cats in research 
2026-09-26T03:45:18.279219+00:00,cats AND dogs,2,Scientific and humane issues in the use of random source dogs and cats in research 
2026-09-26T03:45:18.279219+00:00,cats AND dogs,3,Sunday morning. Osgood short : like dogs and cats 
2026-09-26T03:45:18.279219+00:00,cats AND dogs,4,Cats : a history 
2026-09-26T03:45:18.279219+00:00,cats AND dogs,5,Deafness in dogs and cats 
2026-09-26T04:00:30.201447+00:00,saltwater encroachment AND climate change,1,Simulation of salinity intrusion along the Georgia and South Carolina coasts using climate-change scenarios 
2026-09-26T04:00:30.201447+00:00,saltwater encroachment AND climate change,2,Simulation of salinity intrusion along the Georgia and South Carolina coasts using climate-change scenarios 
2026-09-26T04:00:30.201447+00:00,saltwater encroachment AND climate change,3,"Simulation of water-table and freshwater/saltwater interface response to climate-change-driven sea-level rise and changes in recharge at Fire Island National Seashore, New York "
2026-09-26T04:00:30.201447+00:00,saltwater encroachment AND climate change,4,"Simulation of water-table and freshwater/saltwater interface response to climate-change-driven sea-level rise and changes in recharge at Fire Island National Seashore, New York "
2026-09-26T04:00:30.201447+00:00,saltwater encroachment AND climate change,5,Sudden spring : stories of adaptation in a climate-changed South 
2026-09-26T04:15:18.530681+00:00,project management AND software,1,Project management 
2026-09-26T04:15:18.530681+00:00,project management AND software,2,The project management tool kit : 100 tips and techniques for getting the job done right 
2026-09-26T04:15:18.530681+00:00,project management AND software,3,Project management : case studies 
2026-09-26T04:15:18.530681+00:00,project management AND software,4,Painless project management with FogBugz
2026-09-26T04:15:18.530681+00:00,project management AND software,5,Adaptable project management : a combination of agile and project management for All (PM4A) 
2026-09-26T04:30:25.659855+00:00,history of japanese art,1,History of Japanese art 
2026-09-26T04:30:25.659855+00:00,history of japanese art,2,History of Japanese art 
2026-09-26T04:30:25.659855+00:00,history of japanese art,3,"History of Japanese art after 1945 : institutions, discourses, practice "
2026-09-26T04:30:25.659855+00:00,history of japanese art,4,A history of Japanese art  : from prehistory to the Taisho period 
2026-09-26T04:30:25.659855+00:00,history of japanese art,5,A concise history of Japanese art 
2026-09-26T04:45:19.632534+00:00,science,1,Science.
2026-09-26T04:45:19.632534+00:00,science,2,Science
2026-09-26T04:45:19.632534+00:00,science,3,Science.
2026-09-26T04:45:19.632534+00:00,science,4,Science 
2026-09-26T04:45:19.632534+00:00,science,5,Science 
2026-09-26T05:00:27.452400+00:00,maryland history,1,Maryland history 
2026-09-26T05:00:27.452400+00:00,maryland history,2,Women of achievement in Maryland history 
2026-09-26T05:00:27.452400+00:00,maryland history,3,Maryland history and culture bibliography.
2026-09-26T05:00:27.452400+00:00,maryland history,4,Maryland history notes.
2026-09-26T05:00:27.452400+00:00,maryland history,5,Highlights of Maryland history as presented in the Darnell Young People's Museum: on exhibit at the Maryland Historical Society.
2026-09-26T05:15:20.911127+00:00,linear algebra,1,Linear algebra 
2026-09-26T05:15:20.911127+00:00,linear algebra,2,Linear algebra 
2026-09-26T05:15:20.911127+00:00,linear algebra,3,Linear algebra
2026-09-26T05:15:20.911127+00:00,linear algebra,4,Linear algebra 
2026-09-26T05:15:20.911127+00:00,linear algebra,5,Linear algebra 
2026-09-26T05:30:24.675954+00:00,Migration and Labor 1900,1,"Tramps and trade-union travelers : internal migration and organized labor in Gilded Age America, 1870-1900 "
2026-09-26T05:30:24.675954+00:00,Migration and Labor 1900,2,Migration and Labor Market Adjustment 
2026-09-26T05:30:24.675954+00:00,Migration and Labor 1900,3,Working on labor : essays in honor of Jan Lucassen 
2026-09-26T05:30:24.675954+00:00,Migration and Labor 1900,4,Negro migration in 1916-17 
2026-09-26T05:30:24.675954+00:00,Migration and Labor 1900,5,"The genesis of international mass migration : the British case, 1750-1900 "
2026-09-26T05:45:19.275121+00:00,cats AND dogs,1,Scientific and humane issues in the use of random source dogs and cats in research 
2026-09-26T05:45:19.275121+00:00,cats AND dogs,2,Scientific and humane issues in the use of random source dogs and cats in research 
2026-09-26T05:45:19.275121+00:00,cats AND dogs,3,Sunday morning. Osgood short : like dogs and cats 
2026-09-26T05:45:19.275121+00:00,cats AND dogs,4,Cats : a history 
2026-09-26T05:45:19.275121+00:00,cats AND dogs,5,Deafness in dogs and cats 
2026-09-26T06:00:25.983743+00:00,saltwater encroachment AND climate change,1,Simulation of salinity intrusion along the Georgia and South Carolina coasts using climate-change scenarios 
2026-09-26T06:00:25.983743+00:00,saltwater encroachment AND climate change,2,Simulation of salinity intrusion along the Georgia and South Carolina coasts using climate-change scenarios 
2026-09-26T06:00:25.983743+00:00,saltwater encroachment AND climate change,3,"Simulation of water-table and freshwater/saltwater interface response to climate-change-driven sea-level rise and changes in recharge at Fire Island National Seashore, New York "
2026-09-26T06:00:25.983743+00:00,saltwater encroachment AND climate change,4,"Simulation of water-table and freshwater/saltwater interface response to climate-change-driven sea-level rise and changes in recharge at Fire Island National Seashore, New York "
2026-09-26T06:00:25.983743+00:00,saltwater encroachment AND climate change,5,Sudden spring : stories of adaptation in a climate-changed South 
2026-09-26T06:15:23.152367+00:00,project management AND software,1,Project management 
2026-09-26T06:15:23.152367+00:00,project management AND software,2,The project management tool kit : 100 tips and techniques for getting the job done right 
2026-09-26T06:15:23.152367+00:00,project management AND software,3,Project management : case studies 
2026-09-26T06:15:23.152367+00:00,project management AND software,4,Painless project management with FogBugz
2026-09-26T06:15:23.152367+00:00,project management AND software,5,Adaptable project management : a combination of agile and project management for All (PM4A) 
2026-09-26T06:30:23.456734+00:00,history of japanese art,1,History of Japanese art 
2026-09-26T06:30:23.456734+00:00,history of japanese art,2,History of Japanese art 
2026-09-26T06:30:23.456734+00:00,history of japanese art,3,"History of Japanese art after 1945 : institutions, discourses, practice "
2026-09-26T06:30:23.456734+00:00,history of japanese art,4,A history of Japanese art  : from prehistory to the Taisho period 
2026-09-26T06:30:23.456734+00:00,history of japanese art,5,A concise history of Japanese art 
2026-09-26T06:45:20.325023+00:00,science,1,Science.
2026-09-26T06:45:20.325023+00:00,science,2,Science
2026-09-26T06:45:20.325023+00:00,science,3,Science.
2026-09-26T06:45:20.325023+00:00,science,4,Science 
2026-09-26T06:45:20.325023+00:00,science,5,Science 
2026-09-26T06:52:51.649368+00:00,maryland history,1,Maryland history 
2026-09-26T06:52:51.649368+00:00,maryland history,2,Women of achievement in Maryland history 
2026-09-26T06:52:51.649368+00:00,maryland history,3,Maryland history and culture bibliography.
2026-09-26T06:52:51.649368+00:00,maryland history,4,Maryland history notes.
2026-09-26T06:52:51.649368+00:00,maryland history,5,Highlights of Maryland history as presented in the Darnell Young People's Museum: on exhibit at the Maryland Historical Society.
2026-09-26T07:00:30.042563+00:00,linear algebra,1,Linear algebra 
2026-09-26T07:00:30.042563+00:00,linear algebra,2,Linear algebra 
2026-09-26T07:00:30.042563+00:00,linear algebra,3,Linear algebra
2026-09-26T07:00:30.042563+00:00,linear algebra,4,Linear algebra 
2026-09-26T07:00:30.042563+00:00,linear algebra,5,Linear algebra 
2026-09-26T07:15:26.807007+00:00,Migration and Labor 1900,1,"Tramps and trade-union travelers : internal migration and organized labor in Gilded Age America, 1870-1900 "
2026-09-26T07:15:26.807007+00:00,Migration and Labor 1900,2,Migration and Labor Market Adjustment 
2026-09-26T07:15:26.807007+00:00,Migration and Labor 1900,3,Working on labor : essays in honor of Jan Lucassen 
2026-09-26T07:15:26.807007+00:00,Migration and Labor 1900,4,Negro migration in 1916-17 
2026-09-26T07:15:26.807007+00:00,Migration and Labor 1900,5,"The genesis of international mass migration : the British case, 1750-1900 "
2026-09-26T07:30:33.451478+00:00,cats AND dogs,1,Scientific and humane issues in the use of random source dogs and cats in research 
2026-09-26T07:30:33.451478+00:00,cats AND dogs,2,Scientific and humane issues in the use of random source dogs and cats in research 
2026-09-26T07:30:33.451478+00:00,cats AND dogs,3,Sunday morning. Osgood short : like dogs and cats 
2026-09-26T07:30:33.451478+00:00,cats AND dogs,4,Cats : a history 
2026-09-26T07:30:33.451478+00:00,cats AND dogs,5,Deafness in dogs and cats 
2026-09-26T07:45:17.044849+00:00,saltwater encroachment AND climate change,1,Simulation of salinity intrusion along the Georgia and South Carolina coasts using climate-change scenarios 
2026-09-26T07:45:17.044849+00:00,saltwater encroachment AND climate change,2,Simulation of salinity intrusion along the Georgia and South Carolina coasts using climate-change scenarios 
2026-09-26T07:45:17.044849+00:00,saltwater encroachment AND climate change,3,"Simulation of water-table and freshwater/saltwater interface response to climate-change-driven sea-level rise and changes in recharge at Fire Island National Seashore, New York "
2026-09-26T07:45:17.044849+00:00,saltwater encroachment AND climate change,4,"Simulation of water-table and freshwater/saltwater interface response to climate-change-driven sea-level rise and changes in recharge at Fire Island National Seashore, New York "
2026-09-26T07:45:17.044849+00:00,saltwater encroachment AND climate change,5,Sudden spring : stories of adaptation in a climate-changed South 
2026-09-26T08:00:27.496129+00:00,project management AND software,1,Project management 
2026-09-26T08:00:27.496129+00:00,project management AND software,2,The project management tool kit : 100 tips and techniques for getting the job done right 
2026-09-26T08:00:27.496129+00:00,project management AND software,3,Project management : case studies 
2026-09-26T08:00:27.496129+00:00,project management AND software,4,Painless project management with FogBugz
2026-09-26T08:00:27.496129+00:00,project management AND software,5,Adaptable project management : a combination of agile and project management for All (PM4A) 
2026-09-26T08:15:57.522762+00:00,history of japanese art,1,History of Japanese art 
2026-09-26T08:15:57.522762+00:00,history of japanese art,2,History of Japanese art 
2026-09-26T08:15:57.522762+00:00,history of japanese art,3,"History of Japanese art after 1945 : institutions, discourses, practice "
2026-09-26T08:15:57.522762+00:00,history of japanese art,4,A history of Japanese art  : from prehistory to the Taisho period 
2026-09-26T08:15:57.522762+00:00,history of japanese art,5,A concise history of Japanese art 
2026-09-26T08:30:26.901685+00:00,science,1,Science.
2026-09-26T08:30:26.901685+00:00,science,2,Science
2026-09-26T08:30:26.901685+00:00,science,3,Science.
2026-09-26T08:30:26.901685+00:00,science,4,Science 
2026-09-26T08:30:26.901685+00:00,science,5,Science 
2026-09-26T08:45:18.370212+00:00,maryland history,1,Maryland history 
2026-09-26T08:45:18.370212+00:00,maryland history,2,Women of achievement in Maryland history 
2026-09-26T08:45:18.370212+00:00,maryland history,3,Maryland history and culture bibliography.
2026-09-26T08:45:18.370212+00:00,maryland history,4,Maryland history notes.
2026-09-26T08:45:18.370212+00:00,maryland history,5,Highlights of Maryland history as presented in the Darnell Young People's Museum: on exhibit at the Maryland Historical Society.
2026-09-26T09:00:30.415161+00:00,linear algebra,1,Linear algebra 
2026-09-26T09:00:30.415161+00:00,linear algebra,2,Linear algebra 
2026-09-26T09:00:30.415161+00:00,linear algebra,3,Linear algebra
2026-09-26T09:00:30.415161+00:00,linear algebra,4,Linear algebra 
2026-09-26T09:00:30.415161+00:00,linear algebra,5,Linear algebra 
2026-09-26T09:15:28.494369+00:00,Migration and Labor 1900,1,"Tramps and trade-union travelers : internal migration and organized labor in Gilded Age America, 1870-1900 "
2026-09-26T09:15:28.494369+00:00,Migration and Labor 1900,2,Migration and Labor Market Adjustment 
2026-09-26T09:15:28.494369+00:00,Migration and Labor 1900,3,Working on labor : essays in honor of Jan Lucassen 
2026-09-26T09:15:28.494369+00:00,Migration and Labor 1900,4,Negro migration in 1916-17 
2026-09-26T09:15:28.494369+00:00,Migration and Labor 1900,5,"The genesis of international mass migration : the British case, 1750-1900 "
2026-09-26T09:30:25.778064+00:00,cats AND dogs,1,Scientific and humane issues in the use of random source dogs and cats in research 
2026-09-26T09:30:25.778064+00:00,cats AND dogs,2,Scientific and humane issues in the use of random source dogs and cats in research 
2026-09-26T09:30:25.778064+00:00,cats AND dogs,3,Sunday morning. Osgood short : like dogs and cats 
2026-09-26T09:30:25.778064+00:00,cats AND dogs,4,Cats : a history 
2026-09-26T09:30:25.778064+00:00,cats AND dogs,5,Deafness in dogs and cats 
2026-09-26T09:45:18.627432+00:00,saltwater encroachment AND climate change,1,Simulation of salinity intrusion along the Georgia and South Carolina coasts using climate-change scenarios 
2026-09-26T09:45:18.627432+00:00,saltwater encroachment AND climate change,2,Simulation of salinity intrusion along the Georgia and South Carolina coasts using climate-change scenarios 
2026-09-26T09:45:18.627432+00:00,saltwater encroachment AND climate change,3,"Simulation of water-table and freshwater/saltwater interface response to climate-change-driven sea-level rise and changes in recharge at Fire Island National Seashore, New York "
2026-09-26T09:45:18.627432+00:00,saltwater encroachment AND climate change,4,"Simulation of water-table and freshwater/saltwater interface response to climate-change-driven sea-level rise and changes in recharge at Fire Island National Seashore, New York "
2026-09-26T09:45:18.627432+00:00,saltwater encroachment AND climate change,5,Sudden spring : stories of adaptation in a climate-changed South 
2026-09-26T10:00:27.712783+00:00,project management AND software,1,Project management 
2026-09-26T10:00:27.712783+00:00,project management AND software,2,The project management tool kit : 100 tips and techniques for getting the job done right 
2026-09-26T10:00:27.712783+00:00,project management AND software,3,Project management : case studies 
2026-09-26T10:00:27.712783+00:00,project management AND software,4,Painless project management with FogBugz
2026-09-26T10:00:27.712783+00:00,project management AND software,5,Adaptable project management : a combination of agile and project management for All (PM4A) 
2026-09-26T10:15:20.209296+00:00,history of japanese art,1,History of Japanese art 
2026-09-26T10:15:20.209296+00:00,history of japanese art,2,History of Japanese art 
2026-09-26T10:15:20.209296+00:00,history of japanese art,3,"History of Japanese art after 1945 : institutions, discourses, practice "
2026-09-26T10:15:20.209296+00:00,history of japanese art,4,A history of Japanese art  : from prehistory to the Taisho period 
2026-09-26T10:15:20.209296+00:00,history of japanese art,5,A concise history of Japanese art 
2026-09-26T10:30:26.538656+00:00,science,1,Science.
2026-09-26T10:30:26.538656+00:00,science,2,Science
2026-09-26T10:30:26.538656+00:00,science,3,Science.
2026-09-26T10:30:26.538656+00:00,science,4,Science 
2026-09-26T10:30:26.538656+00:00,science,5,Science 
2026-09-26T10:45:18.634113+00:00,maryland history,1,Maryland history 
2026-09-26T10:45:18.634113+00:00,maryland history,2,Women of achievement in Maryland history 
2026-09-26T10:45:18.634113+00:00,maryland history,3,Maryland history and culture bibliography.
2026-09-26T10:45:18.634113+00:00,maryland history,4,Maryland history notes.
2026-09-26T10:45:18.634113+00:00,maryland history,5,Highlights of Maryland history as presented in the Darnell Young People's Museum: on exhibit at the Maryland Historical Society.
2026-09-26T11:00:27.123483+00:00,linear algebra,1,Linear algebra 
2026-09-26T11:00:27.123483+00:00,linear algebra,2,Linear algebra 
2026-09-26T11:00:27.123483+00:00,linear algebra,3,Linear algebra
2026-09-26T11:00:27.123483+00:00,linear algebra,4,Linear algebra 
2026-09-26T11:00:27.123483+00:00,linear algebra,5,Linear algebra 
2026-09-26T11:15:22.367893+00:00,Migration and Labor 1900,1,"Tramps and trade-union travelers : internal migration and organized labor in Gilded Age America, 1870-1900 "
2026-09-26T11:15:22.367893+00:00,Migration and Labor 1900,2,Migration and Labor Market Adjustment 
2026-09-26T11:15:22.367893+00:00,Migration and Labor 1900,3,Working on labor : essays in honor of Jan Lucassen 
2026-09-26T11:15:22.367893+00:00,Migration and Labor 1900,4,Negro migration in 1916-17 
2026-09-26T11:15:22.367893+00:00,Migration and Labor 1900,5,"The genesis of international mass migration : the British case, 1750-1900 "
2026-09-26T11:30:24.983885+00:00,cats AND dogs,1,Scientific and humane issues in the use of random source dogs and cats in research 
2026-09-26T11:30:24.983885+00:00,cats AND dogs,2,Scientific and humane issues in the use of random source dogs and cats in research 
2026-09-26T11:30:24.983885+00:00,cats AND dogs,3,Sunday morning. Osgood short : like dogs and cats 
2026-09-26T11:30:24.983885+00:00,cats AND dogs,4,Cats : a history 
2026-09-26T11:30:24.983885+00:00,cats AND dogs,5,Deafness in dogs and cats 
2026-09-26T11:45:18.517760+00:00,saltwater encroachment AND climate change,1,Simulation of salinity intrusion along the Georgia and South Carolina coasts using climate-change scenarios 
2026-09-26T11:45:18.517760+00:00,saltwater encroachment AND climate change,2,Simulation of salinity intrusion along the Georgia and South Carolina coasts using climate-change scenarios 
2026-09-26T11:45:18.517760+00:00,saltwater encroachment AND climate change,3,"Simulation of water-table and freshwater/saltwater interface response to climate-change-driven sea-level rise and changes in recharge at Fire Island National Seashore, New York "
2026-09-26T11:45:18.517760+00:00,saltwater encroachment AND climate change,4,"Simulation of water-table and freshwater/saltwater interface response to climate-change-driven sea-level rise and changes in recharge at Fire Island National Seashore, New York "
2026-09-26T11:45:18.517760+00:00,saltwater encroachment AND climate change,5,Sudden spring : stories of adaptation in a climate-changed South 
2026-09-26T11:58:11.172237+00:00,project management AND software,1,Project management 
2026-09-26T11:58:11.172237+00:00,project management AND software,2,The project management tool kit : 100 tips and techniques for getting the job done right 
2026-09-26T11:58:11.172237+00:00,project management AND software,3,Project management : case studies 
2026-09-26T11:58:11.172237+00:00,project management AND software,4,Painless project management with FogBugz
2026-09-26T11:58:11.172237+00:00,project management AND software,5,Adaptable project management : a combination of agile and project management for All (PM4A) 
2026-09-26T12:00:27.510876+00:00,history of japanese art,1,History of Japanese art 
2026-09-26T12:00:27.510876+00:00,history of japanese art,2,History of Japanese art 
2026-09-26T12:00:27.510876+00:00,history of japanese art,3,"History of Japanese art after 1945 : institutions, discourses, practice "
2026-09-26T12:00:27.510876+00:00,history of japanese art,4,A history of Japanese art  : from prehistory to the Taisho period 
2026-09-26T12:00:27.510876+00:00,history of japanese art,5,A concise history of Japanese art 
2026-09-26T12:15:19.632014+00:00,science,1,Science.
2026-09-26T12:15:19.632014+00:00,science,2,Science
2026-09-26T12:15:19.632014+00:00,science,3,Science.
2026-09-26T12:15:19.632014+00:00,science,4,Science 
2026-09-26T12:15:19.632014+00:00,science,5,Science 
2026-09-26T12:30:21.823815+00:00,maryland history,1,Maryland history 
2026-09-26T12:30:21.823815+00:00,maryland history,2,Women of achievement in Maryland history 
2026-09-26T12:30:21.823815+00:00,maryland history,3,Maryland history and culture bibliography.
2026-09-26T12:30:21.823815+00:00,maryland history,4,Maryland history notes.
2026-09-26T12:30:21.823815+00:00,maryland history,5,Highlights of Maryland history as presented in the Darnell Young People's Museum: on exhibit at the Maryland Historical Society.
2026-09-26T12:45:18.129927+00:00,linear algebra,1,Linear algebra 
2026-09-26T12:45:18.129927+00:00,linear algebra,2,Linear algebra 
2026-09-26T12:45:18.129927+00:00,linear algebra,3,Linear algebra
2026-09-26T12:45:18.129927+00:00,linear algebra,4,Linear algebra 
2026-09-26T12:45:18.129927+00:00,linear algebra,5,Linear algebra 
2026-09-26T13:00:30.581034+00:00,Migration and Labor 1900,1,"Tramps and trade-union travelers : internal migration and organized labor in Gilded Age America, 1870-1900 "
2026-09-26T13:00:30.581034+00:00,Migration and Labor 1900,2,Migration and Labor Market Adjustment 
2026-09-26T13:00:30.581034+00:00,Migration and Labor 1900,3,Working on labor : essays in honor of Jan Lucassen 
2026-09-26T13:00:30.581034+00:00,Migration and Labor 1900,4,Negro migration in 1916-17 
2026-09-26T13:00:30.581034+00:00,Migration and Labor 1900,5,"The genesis of international mass migration : the British case, 1750-1900 "
2026-09-26T13:15:19.916456+00:00,cats AND dogs,1,Scientific and humane issues in the use of random source dogs and cats in research 
2026-09-26T13:15:19.916456+00:00,cats AND dogs,2,Scientific and humane issues in the use of random source dogs and cats in research 
2026-09-26T13:15:19.916456+00:00,cats AND dogs,3,Sunday morning. Osgood short : like dogs and cats 
2026-09-26T13:15:19.916456+00:00,cats AND dogs,4,Cats : a history 
2026-09-26T13:15:19.916456+00:00,cats AND dogs,5,Deafness in dogs and cats 
2026-09-26T13:30:22.430158+00:00,saltwater encroachment AND climate change,1,Simulation of salinity intrusion along the Georgia and South Carolina coasts using climate-change scenarios 
2026-09-26T13:30:22.430158+00:00,saltwater encroachment AND climate change,2,Simulation of salinity intrusion along the Georgia and South Carolina coasts using climate-change scenarios 
2026-09-26T13:30:22.430158+00:00,saltwater encroachment AND climate change,3,"Simulation of water-table and freshwater/saltwater interface response to climate-change-driven sea-level rise and changes in recharge at Fire Island National Seashore, New York "
2026-09-26T13:30:22.430158+00:00,saltwater encroachment AND climate change,4,"Simulation of water-table and freshwater/saltwater interface response to climate-change-driven sea-level rise and changes in recharge at Fire Island National Seashore, New York "
2026-09-26T13:30:22.430158+00:00,saltwater encroachment AND climate change,5,Sudden spring : stories of adaptation in a climate-changed South 
2026-09-26T13:45:19.981333+00:00,project management AND software,1,Project management 
2026-09-26T13:45:19.981333+00:00,project management AND software,2,The project management tool kit : 100 tips and techniques for getting the job done right 
2026-09-26T13:45:19.981333+00:00,project management AND software,3,Project management : case studies 
2026-09-26T13:45:19.981333+00:00,project management AND software,4,Painless project management with FogBugz
2026-09-26T13:45:19.981333+00:00,project management AND software,5,Adaptable project management : a combination of agile and project management for All (PM4A) 
2026-09-26T14:00:30.446920+00:00,history of japanese art,1,History of Japanese art 
2026-09-26T14:00:30.446920+00:00,history of japanese art,2,History of Japanese art 
2026-09-26T14:00:30.446920+00:00,history of japanese art,3,"History of Japanese art after 1945 : institutions, discourses, practice "
2026-09-26T14:00:30.446920+00:00,history of japanese art,4,A history of Japanese art  : from prehistory to the Taisho period 
2026-09-26T14:00:30.446920+00:00,history of japanese art,5,A concise history of Japanese art 
2026-09-26T14:15:20.348905+00:00,science,1,Science.
2026-09-26T14:15:20.348905+00:00,science,2,Science
2026-09-26T14:15:20.348905+00:00,science,3,Science.
2026-09-26T14:15:20.348905+00:00,science,4,Science 
2026-09-26T14:15:20.348905+00:00,science,5,Science 
2026-09-26T14:30:27.724776+00:00,maryland history,1,Maryland history 
2026-09-26T14:30:27.724776+00:00,maryland history,2,Women of achievement in Maryland history 
2026-09-26T14:30:27.724776+00:00,maryland history,3,Maryland history and culture bibliography.
2026-09-26T14:30:27.724776+00:00,maryland history,4,Maryland history notes.
2026-09-26T14:30:27.724776+00:00,maryland history,5,Highlights of Maryland history as presented in the Darnell Young People's Museum: on exhibit at the Maryland Historical Society.
2026-09-26T14:45:23.131606+00:00,linear algebra,1,Linear algebra 
2026-09-26T14:45:23.131606+00:00,linear algebra,2,Linear algebra 
2026-09-26T14:45:23.131606+00:00,linear algebra,3,Linear algebra
2026-09-26T14:45:23.131606+00:00,linear algebra,4,Linear algebra 
2026-09-26T14:45:23.131606+00:00,linear algebra,5,Linear algebra 
2026-09-26T15:00:28.869005+00:00,Migration and Labor 1900,1,"Tramps and trade-union travelers : internal migration and organized labor in Gilded Age America, 1870-1900 "
2026-09-26T15:00:28.869005+00:00,Migration and Labor 1900,2,Migration and Labor Market Adjustment 
2026-09-26T15:00:28.869005+00:00,Migration and Labor 1900,3,Working on labor : essays in honor of Jan Lucassen 
2026-09-26T15:00:28.869005+00:00,Migration and Labor 1900,4,Negro migration in 1916-17 
2026-09-26T15:00:28.869005+00:00,Migration and Labor 1900,5,"The genesis of international mass migration : the British case, 1750-1900 "
2026-09-26T15:15:18.186321+00:00,cats AND dogs,1,Scientific and humane issues in the use of random source dogs and cats in research 
2026-09-26T15:15:18.186321+00:00,cats AND dogs,2,Scientific and humane issues in the use of random source dogs and cats in research 
2026-09-26T15:15:18.186321+00:00,cats AND dogs,3,Sunday morning. Osgood short : like dogs and cats 
2026-09-26T15:15:18.186321+00:00,cats AND dogs,4,Cats : a history 
2026-09-26T15:15:18.186321+00:00,cats AND dogs,5,Deafness in dogs and cats 
2026-09-26T15:30:22.786885+00:00,saltwater encroachment AND climate change,1,Simulation of salinity intrusion along the Georgia and South Carolina coasts using climate-change scenarios 
2026-09-26T15:30:22.786885+00:00,saltwater encroachment AND climate change,2,Simulation of salinity intrusion along the Georgia and South Carolina coasts using climate-change scenarios 
2026-09-26T15:30:22.786885+00:00,saltwater encroachment AND climate change,3,"Simulation of water-table and freshwater/saltwater interface response to climate-change-driven sea-level rise and changes in recharge at Fire Island National Seashore, New York "
2026-09-26T15:30:22.786885+00:00,saltwater encroachment AND climate change,4,"Simulation of water-table and freshwater/saltwater interface response to climate-change-driven sea-level rise and changes in recharge at Fire Island National Seashore, New York "
2026-09-26T15:30:22.786885+00:00,saltwater encroachment AND climate change,5,Sudden spring : stories of adaptation in a climate-changed South 
2026-09-26T15:45:19.215575+00:00,project management AND software,1,Project management 
2026-09-26T15:45:19.215575+00:00,project management AND software,2,The project management tool kit : 100 tips and techniques for getting the job done right 
2026-09-26T15:45:19.215575+00:00,project management AND software,3,Project management : case studies 
2026-09-26T15:45:19.215575+00:00,project management AND software,4,Painless project management with FogBugz
2026-09-26T15:45:19.215575+00:00,project management AND software,5,Adaptable project management : a combination of agile and project management for All (PM4A) 
2026-09-26T15:51:51.655895+00:00,history of japanese art,1,History of Japanese art 
2026-09-26T15:51:51.655895+00:00,history of japanese art,2,History of Japanese art 
2026-09-26T15:51:51.655895+00:00,history of japanese art,3,"History of Japanese art after 1945 : institutions, discourses, practice "
2026-09-26T15:51:51.655895+00:00,history of japanese art,4,A history of Japanese art  : from prehistory to the Taisho period 
2026-09-26T15:51:51.655895+00:00,history of japanese art,5,A concise history of Japanese art 
2026-09-26T16:00:27.916377+00:00,science,1,Science.
2026-09-26T16:00:27.916377+00:00,science,2,Science
2026-09-26T16:00:27.916377+00:00,science,3,Science.
2026-09-26T16:00:27.916377+00:00,science,4,Science 
2026-09-26T16:00:27.916377+00:00,science,5,Science 
2026-09-26T16:15:18.143456+00:00,maryland history,1,Maryland history 
2026-09-26T16:15:18.143456+00:00,maryland history,2,Women of achievement in Maryland history 
2026-09-26T16:15:18.143456+00:00,maryland history,3,Maryland history and culture bibliography.
2026-09-26T16:15:18.143456+00:00,maryland history,4,Maryland history notes.
2026-09-26T16:15:18.143456+00:00,maryland history,5,Highlights of Maryland history as presented in the Darnell Young People's Museum: on exhibit at the Maryland Historical Society.
2026-09-26T16:30:22.750288+00:00,linear algebra,1,Linear algebra 
2026-09-26T16:30:22.750288+00:00,linear algebra,2,Linear algebra 
2026-09-26T16:30:22.750288+00:00,linear algebra,3,Linear algebra
2026-09-26T16:30:22.750288+00:00,linear algebra,4,Linear algebra 
2026-09-26T16:30:22.750288+00:00,linear algebra,5,Linear algebra 
2026-09-26T16:45:17.625124+00:00,Migration and Labor 1900,1,"Tramps and trade-union travelers : internal migration and organized labor in Gilded Age America, 1870-1900 "
2026-09-26T16:45:17.625124+00:00,Migration and Labor 1900,2,Migration and Labor Market Adjustment 
2026-09-26T16:45:17.625124+00:00,Migration and Labor 1900,3,Working on labor : essays in honor of Jan Lucassen 
2026-09-26T16:45:17.625124+00:00,Migration and Labor 1900,4,Negro migration in 1916-17 
2026-09-26T16:45:17.625124+00:00,Migration and Labor 1900,5,"The genesis of international mass migration : the British case, 1750-1900 "
2026-09-26T17:00:27.782426+00:00,cats AND dogs,1,Scientific and humane issues in the use of random source dogs and cats in research 
2026-09-26T17:00:27.782426+00:00,cats AND dogs,2,Scientific and humane issues in the use of random source dogs and cats in research 
2026-09-26T17:00:27.782426+00:00,cats AND dogs,3,Sunday morning. Osgood short : like dogs and cats 
2026-09-26T17:00:27.782426+00:00,cats AND dogs,4,Cats : a history 
2026-09-26T17:00:27.782426+00:00,cats AND dogs,5,Deafness in dogs and cats 
2026-09-26T17:15:19.454032+00:00,saltwater encroachment AND climate change,1,Simulation of salinity intrusion along the Georgia and South Carolina coasts using climate-change scenarios 
2026-09-26T17:15:19.454032+00:00,saltwater encroachment AND climate change,2,Simulation of salinity intrusion along the Georgia and South Carolina coasts using climate-change scenarios 
2026-09-26T17:15:19.454032+00:00,saltwater encroachment AND climate change,3,"Simulation of water-table and freshwater/saltwater interface response to climate-change-driven sea-level rise and changes in recharge at Fire Island National Seashore, New York "
2026-09-26T17:15:19.454032+00:00,saltwater encroachment AND climate change,4,"Simulation of water-table and freshwater/saltwater interface response to climate-change-driven sea-level rise and changes in recharge at Fire Island National Seashore, New York "
2026-09-26T17:15:19.454032+00:00,saltwater encroachment AND climate change,5,Sudden spring : stories of adaptation in a climate-changed South 
2026-09-26T17:30:22.467027+00:00,project management AND software,1,Project management 
2026-09-26T17:30:22.467027+00:00,project management AND software,2,The project management tool kit : 100 tips and techniques for getting the job done right 
2026-09-26T17:30:22.467027+00:00,project management AND software,3,Project management : case studies 
2026-09-26T17:30:22.467027+00:00,project management AND software,4,Painless project management with FogBugz
2026-09-26T17:30:22.467027+00:00,project management AND software,5,Adaptable project management : a combination of agile and project management for All (PM4A) 
2026-09-26T17:45:24.412753+00:00,history of japanese art,1,History of Japanese art 
2026-09-26T17:45:24.412753+00:00,history of japanese art,2,History of Japanese art 
2026-09-26T17:45:24.412753+00:00,history of japanese art,3,"History of Japanese art after 1945 : institutions, discourses, practice "
2026-09-26T17:45:24.412753+00:00,history of japanese art,4,A history of Japanese art  : from prehistory to the Taisho period 
2026-09-26T17:45:24.412753+00:00,history of japanese art,5,A concise history of Japanese art 
2026-09-26T18:00:27.000712+00:00,science,1,Science.
2026-09-26T18:00:27.000712+00:00,science,2,Science
2026-09-26T18:00:27.000712+00:00,science,3,Science.
2026-09-26T18:00:27.000712+00:00,science,4,Science 
2026-09-26T18:00:27.000712+00:00,science,5,Science 
2026-09-26T18:15:18.407143+00:00,maryland history,1,Maryland history 
2026-09-26T18:15:18.407143+00:00,maryland history,2,Women of achievement in Maryland history 
2026-09-26T18:15:18.407143+00:00,maryland history,3,Maryland history and culture bibliography.
2026-09-26T18:15:18.407143+00:00,maryland history,4,Maryland history notes.
2026-09-26T18:15:18.407143+00:00,maryland history,5,Highlights of Maryland history as presented in the Darnell Young People's Museum: on exhibit at the Maryland Historical Society.
2026-09-26T18:30:22.773193+00:00,linear algebra,1,Linear algebra 
2026-09-26T18:30:22.773193+00:00,linear algebra,2,Linear algebra 
2026-09-26T18:30:22.773193+00:00,linear algebra,3,Linear algebra
2026-09-26T18:30:22.773193+00:00,linear algebra,4,Linear algebra 
2026-09-26T18:30:22.773193+00:00,linear algebra,5,Linear algebra 
2026-09-26T18:45:18.021247+00:00,Migration and Labor 1900,1,"Tramps and trade-union travelers : internal migration and organized labor in Gilded Age America, 1870-1900 "
2026-09-26T18:45:18.021247+00:00,Migration and Labor 1900,2,Migration and Labor Market Adjustment 
2026-09-26T18:45:18.021247+00:00,Migration and Labor 1900,3,Working on labor : essays in honor of Jan Lucassen 
2026-09-26T18:45:18.021247+00:00,Migration and Labor 1900,4,Negro migration in 1916-17 
2026-09-26T18:45:18.021247+00:00,Migration and Labor 1900,5,"The genesis of international mass migration : the British case, 1750-1900 "
2026-09-26T18:52:06.668786+00:00,cats AND dogs,1,Scientific and humane issues in the use of random source dogs and cats in research 
2026-09-26T18:52:06.668786+00:00,cats AND dogs,2,Scientific and humane issues in the use of random source dogs and cats in research 
2026-09-26T18:52:06.668786+00:00,cats AND dogs,3,Sunday morning. Osgood short : like dogs and cats 
2026-09-26T18:52:06.668786+00:00,cats AND dogs,4,Cats : a history 
2026-09-26T18:52:06.668786+00:00,cats AND dogs,5,Deafness in dogs and cats 
2026-09-26T19:00:28.282425+00:00,saltwater encroachment AND climate change,1,Simulation of salinity intrusion along the Georgia and South Carolina coasts using climate-change scenarios 
2026-09-26T19:00:28.282425+00:00,saltwater encroachment AND climate change,2,Simulation of salinity intrusion along the Georgia and South Carolina coasts using climate-change scenarios 
2026-09-26T19:00:28.282425+00:00,saltwater encroachment AND climate change,3,"Simulation of water-table and freshwater/saltwater interface response to climate-change-driven sea-level rise and changes in recharge at Fire Island National Seashore, New York "
2026-09-26T19:00:28.282425+00:00,saltwater encroachment AND climate change,4,"Simulation of water-table and freshwater/saltwater interface response to climate-change-driven sea-level rise and changes in recharge at Fire Island National Seashore, New York "
2026-09-26T19:00:28.282425+00:00,saltwater encroachment AND climate change,5,Sudden spring : stories of adaptation in a climate-changed South 
2026-09-26T19:15:20.933972+00:00,project management AND software,1,Project management 
2026-09-26T19:15:20.933972+00:00,project management AND software,2,The project management tool kit : 100 tips and techniques for getting the job done right 
2026-09-26T19:15:20.933972+00:00,project management AND software,3,Project management : case studies 
2026-09-26T19:15:20.933972+00:00,project management AND software,4,Painless project management with FogBugz
2026-09-26T19:15:20.933972+00:00,project management AND software,5,Adaptable project management : a combination of agile and project management for All (PM4A) 
2026-09-26T19:30:22.966594+00:00,history of japanese art,1,History of Japanese art 
2026-09-26T19:30:22.966594+00:00,history of japanese art,2,History of Japanese art 
2026-09-26T19:30:22.966594+00:00,history of japanese art,3,"History of Japanese art after 1945 : institutions, discourses, practice "
2026-09-26T19:30:22.966594+00:00,history of japanese art,4,A history of Japanese art  : from prehistory to the Taisho period 
2026-09-26T19:30:22.966594+00:00,history of japanese art,5,A concise history of Japanese art 
2026-09-26T19:45:22.587684+00:00,science,1,Science.
2026-09-26T19:45:22.587684+00:00,science,2,Science
2026-09-26T19:45:22.587684+00:00,science,3,Science.
2026-09-26T19:45:22.587684+00:00,science,4,Science 
2026-09-26T19:45:22.587684+00:00,science,5,Science 
2026-09-26T20:00:30.212662+00:00,maryland history,1,Maryland history 
2026-09-26T20:00:30.212662+00:00,maryland history,2,Women of achievement in Maryland history 
2026-09-26T20:00:30.212662+00:00,maryland history,3,Maryland history and culture bibliography.
2026-09-26T20:00:30.212662+00:00,maryland history,4,Maryland history notes.
2026-09-26T20:00:30.212662+00:00,maryland history,5,Highlights of Maryland history as presented in the Darnell Young People's Museum: on exhibit at the Maryland Historical Society.
2026-09-26T20:15:19.068686+00:00,linear algebra,1,Linear algebra 
2026-09-26T20:15:19.068686+00:00,linear algebra,2,Linear algebra 
2026-09-26T20:15:19.068686+00:00,linear algebra,3,Linear algebra
2026-09-26T20:15:19.068686+00:00,linear algebra,4,Linear algebra 
2026-09-26T20:15:19.068686+00:00,linear algebra,5,Linear algebra 
2026-09-26T20:30:26.141365+00:00,Migration and Labor 1900,1,"Tramps and trade-union travelers : internal migration and organized labor in Gilded Age America, 1870-1900 "
2026-09-26T20:30:26.141365+00:00,Migration and Labor 1900,2,Migration and Labor Market Adjustment 
2026-09-26T20:30:26.141365+00:00,Migration and Labor 1900,3,Working on labor : essays in honor of Jan Lucassen 
2026-09-26T20:30:26.141365+00:00,Migration and Labor 1900,4,Negro migration in 1916-17 
2026-09-26T20:30:26.141365+00:00,Migration and Labor 1900,5,"The genesis of international mass migration : the British case, 1750-1900 "
2026-09-26T20:45:20.004728+00:00,cats AND dogs,1,Scientific and humane issues in the use of random source dogs and cats in research 
2026-09-26T20:45:20.004728+00:00,cats AND dogs,2,Scientific and humane issues in the use of random source dogs and cats in research 
2026-09-26T20:45:20.004728+00:00,cats AND dogs,3,Sunday morning. Osgood short : like dogs and cats 
2026-09-26T20:45:20.004728+00:00,cats AND dogs,4,Cats : a history 
2026-09-26T20:45:20.004728+00:00,cats AND dogs,5,Deafness in dogs and cats 
2026-09-26T21:00:29.049655+00:00,saltwater encroachment AND climate change,1,Simulation of salinity intrusion along the Georgia and South Carolina coasts using climate-change scenarios 
2026-09-26T21:00:29.049655+00:00,saltwater encroachment AND climate change,2,Simulation of salinity intrusion along the Georgia and South Carolina coasts using climate-change scenarios 
2026-09-26T21:00:29.049655+00:00,saltwater encroachment AND climate change,3,"Simulation of water-table and freshwater/saltwater interface response to climate-change-driven sea-level rise and changes in recharge at Fire Island National Seashore, New York "
2026-09-26T21:00:29.049655+00:00,saltwater encroachment AND climate change,4,"Simulation of water-table and freshwater/saltwater interface response to climate-change-driven sea-level rise and changes in recharge at Fire Island National Seashore, New York "
2026-09-26T21:00:29.049655+00:00,saltwater encroachment AND climate change,5,Sudden spring : stories of adaptation in a climate-changed South 
2026-09-26T21:15:18.788875+00:00,project management AND software,1,Project management 
2026-09-26T21:15:18.788875+00:00,project management AND software,2,The project management tool kit : 100 tips and techniques for getting the job done right 
2026-09-26T21:15:18.788875+00:00,project management AND software,3,Project management : case studies 
2026-09-26T21:15:18.788875+00:00,project management AND software,4,Painless project management with FogBugz
2026-09-26T21:15:18.788875+00:00,project management AND software,5,Adaptable project management : a combination of agile and project management for All (PM4A) 
2026-09-26T21:30:23.394338+00:00,history of japanese art,1,History of Japanese art 
2026-09-26T21:30:23.394338+00:00,history of japanese art,2,History of Japanese art 
2026-09-26T21:30:23.394338+00:00,history of japanese art,3,"History of Japanese art after 1945 : institutions, discourses, practice "
2026-09-26T21:30:23.394338+00:00,history of japanese art,4,A history of Japanese art  : from prehistory to the Taisho period 
2026-09-26T21:30:23.394338+00:00,history of japanese art,5,A concise history of Japanese art 
2026-09-26T21:43:40.673803+00:00,science,1,Science.
2026-09-26T21:43:40.673803+00:00,science,2,Science
2026-09-26T21:43:40.673803+00:00,science,3,Science.
2026-09-26T21:43:40.673803+00:00,science,4,Science 
2026-09-26T21:43:40.673803+00:00,science,5,Science 
2026-09-26T21:45:18.294098+00:00,maryland history,1,Maryland history 
2026-09-26T21:45:18.294098+00:00,maryland history,2,Women of achievement in Maryland history 
2026-09-26T21:45:18.294098+00:00,maryland history,3,Maryland history and culture bibliography.
2026-09-26T21:45:18.294098+00:00,maryland history,4,Maryland history notes.
2026-09-26T21:45:18.294098+00:00,maryland history,5,Highlights of Maryland history as presented in the Darnell Young People's Museum: on exhibit at the Maryland Historical Society.
2026-09-26T22:00:33.146347+00:00,linear algebra,1,Linear algebra 
2026-09-26T22:00:33.146347+00:00,linear algebra,2,Linear algebra 
2026-09-26T22:00:33.146347+00:00,linear algebra,3,Linear algebra
2026-09-26T22:00:33.146347+00:00,linear algebra,4,Linear algebra 
2026-09-26T22:00:33.146347+00:00,linear algebra,5,Linear algebra 
2026-09-26T22:15:18.788724+00:00,Migration and Labor 1900,1,"Tramps and trade-union travelers : internal migration and organized labor in Gilded Age America, 1870-1900 "
2026-09-26T22:15:18.788724+00:00,Migration and Labor 1900,2,Migration and Labor Market Adjustment 
2026-09-26T22:15:18.788724+00:00,Migration and Labor 1900,3,Working on labor : essays in honor of Jan Lucassen 
2026-09-26T22:15:18.788724+00:00,Migration and Labor 1900,4,Negro migration in 1916-17 
2026-09-26T22:15:18.788724+00:00,Migration and Labor 1900,5,"The genesis of international mass migration : the British case, 1750-1900 "
2026-09-26T22:30:27.417848+00:00,cats AND dogs,1,Scientific and humane issues in the use of random source dogs and cats in research 
2026-09-26T22:30:27.417848+00:00,cats AND dogs,2,Scientific and humane issues in the use of random source dogs and cats in research 
2026-09-26T22:30:27.417848+00:00,cats AND dogs,3,Sunday morning. Osgood short : like dogs and cats 
2026-09-26T22:30:27.417848+00:00,cats AND dogs,4,Cats : a history 
2026-09-26T22:30:27.417848+00:00,cats AND dogs,5,Deafness in dogs and cats 
2026-09-26T22:45:17.640496+00:00,saltwater encroachment AND climate change,1,Simulation of salinity intrusion along the Georgia and South Carolina coasts using climate-change scenarios 
2026-09-26T22:45:17.640496+00:00,saltwater encroachment AND climate change,2,Simulation of salinity intrusion along the Georgia and South Carolina coasts using climate-change scenarios 
2026-09-26T22:45:17.640496+00:00,saltwater encroachment AND climate change,3,"Simulation of water-table and freshwater/saltwater interface response to climate-change-driven sea-level rise and changes in recharge at Fire Island National Seashore, New York "
2026-09-26T22:45:17.640496+00:00,saltwater encroachment AND climate change,4,"Simulation of water-table and freshwater/saltwater interface response to climate-change-driven sea-level rise and changes in recharge at Fire Island National Seashore, New York "
2026-09-26T22:45:17.640496+00:00,saltwater encroachment AND climate change,5,Sudden spring : stories of adaptation in a climate-changed South 
2026-09-26T23:00:26.160029+00:00,project management AND software,1,Project management 
2026-09-26T23:00:26.160029+00:00,project management AND software,2,The project management tool kit : 100 tips and techniques for getting the job done right 
2026-09-26T23:00:26.160029+00:00,project management AND software,3,Project management : case studies 
2026-09-26T23:00:26.160029+00:00,project management AND software,4,Painless project management with FogBugz
2026-09-26T23:00:26.160029+00:00,project management AND software,5,Adaptable project management : a combination of agile and project management for All (PM4A) 
2026-09-26T23:15:18.665449+00:00,history of japanese art,1,History of Japanese art 
2026-09-26T23:15:18.665449+00:00,history of japanese art,2,History of Japanese art 
2026-09-26T23:15:18.665449+00:00,history of japanese art,3,"History of Japanese art after 1945 : institutions, discourses, practice "
2026-09-26T23:15:18.665449+00:00,history of japanese art,4,A history of Japanese art  : from prehistory to the Taisho period 
2026-09-26T23:15:18.665449+00:00,history of japanese art,5,A concise history of Japanese art 
2026-09-26T23:30:23.336936+00:00,science,1,Science.
2026-09-26T23:30:23.336936+00:00,science,2,Science
2026-09-26T23:30:23.336936+00:00,science,3,Science.
2026-09-26T23:30:23.336936+00:00,science,4,Science 
2026-09-26T23:30:23.336936+00:00,science,5,Science 
2026-09-26T23:45:21.555355+00:00,maryland history,1,Maryland history 
2026-09-26T23:45:21.555355+00:00,maryland history,2,Women of achievement in Maryland history 
2026-09-26T23:45:21.555355+00:00,maryland history,3,Maryland history and culture bibliography.
2026-09-26T23:45:21.555355+00:00,maryland history,4,Maryland history notes.
2026-09-26T23:45:21.555355+00:00,maryland history,5,Highlights of Maryland history as presented in the Darnell Young People's Museum: on exhibit at the Maryland Historical Society.
2026-09-26T23:55:21.779922+00:00,linear algebra,1,Linear algebra 
2026-09-26T23:55:21.779922+00:00,linear algebra,2,Linear algebra 
2026-09-26T23:55:21.779922+00:00,linear algebra,3,Linear algebra
2026-09-26T23:55:21.779922+00:00,linear algebra,4,Linear algebra 
2026-09-26T23:55:21.779922+00:00,linear algebra,5,Linear algebra 
2026-09-27T00:00:31.260509+00:00,Migration and Labor 1900,1,"Tramps and trade-union travelers : internal migration and organized labor in Gilded Age America, 1870-1900 "
2026-09-27T00:00:31.260509+00:00,Migration and Labor 1900,2,Migration and Labor Market Adjustment 
2026-09-27T00:00:31.260509+00:00,Migration and Labor 1900,3,Working on labor : essays in honor of Jan Lucassen 
2026-09-27T00:00:31.260509+00:00,Migration and Labor 1900,4,Negro migration in 1916-17 
2026-09-27T00:00:31.260509+00:00,Migration and Labor 1900,5,"The genesis of international mass migration : the British case, 1750-1900 "
2026-09-27T00:15:19.159394+00:00,cats AND dogs,1,Scientific and humane issues in the use of random source dogs and cats in research 
2026-09-27T00:15:19.159394+00:00,cats AND dogs,2,Scientific and humane issues in the use of random source dogs and cats in research 
2026-09-27T00:15:19.159394+00:00,cats AND dogs,3,Sunday morning. Osgood short : like dogs and cats 
2026-09-27T00:15:19.159394+00:00,cats AND dogs,4,Cats : a history 
2026-09-27T00:15:19.159394+00:00,cats AND dogs,5,Deafness in dogs and cats 
2026-09-27T00:30:25.602879+00:00,saltwater encroachment AND climate change,1,Simulation of salinity intrusion along the Georgia and South Carolina coasts using climate-change scenarios 
2026-09-27T00:30:25.602879+00:00,saltwater encroachment AND climate change,2,Simulation of salinity intrusion along the Georgia and South Carolina coasts using climate-change scenarios 
2026-09-27T00:30:25.602879+00:00,saltwater encroachment AND climate change,3,"Simulation of water-table and freshwater/saltwater interface response to climate-change-driven sea-level rise and changes in recharge at Fire Island National Seashore, New York "
2026-09-27T00:30:25.602879+00:00,saltwater encroachment AND climate change,4,"Simulation of water-table and freshwater/saltwater interface response to climate-change-driven sea-level rise and changes in recharge at Fire Island National Seashore, New York "
2026-09-27T00:30:25.602879+00:00,saltwater encroachment AND climate change,5,Sudden spring : stories of adaptation in a climate-changed South 
2026-09-27T00:45:17.400645+00:00,project management AND software,1,Project management 
2026-09-27T00:45:17.400645+00:00,project management AND software,2,The project management tool kit : 100 tips and techniques for getting the job done right 
2026-09-27T00:45:17.400645+00:00,project management AND software,3,Project management : case studies 
2026-09-27T00:45:17.400645+00:00,project management AND software,4,Painless project management with FogBugz
2026-09-27T00:45:17.400645+00:00,project management AND software,5,Adaptable project management : a combination of agile and project management for All (PM4A) 
2026-09-27T01:00:28.556513+00:00,history of japanese art,1,History of Japanese art 
2026-09-27T01:00:28.556513+00:00,history of japanese art,2,History of Japanese art 
2026-09-27T01:00:28.556513+00:00,history of japanese art,3,"History of Japanese art after 1945 : institutions, discourses, practice "
2026-09-27T01:00:28.556513+00:00,history of japanese art,4,A history of Japanese art  : from prehistory to the Taisho period 
2026-09-27T01:00:28.556513+00:00,history of japanese art,5,A concise history of Japanese art 
2026-09-27T01:15:25.519128+00:00,science,1,Science.
2026-09-27T01:15:25.519128+00:00,science,2,Science
2026-09-27T01:15:25.519128+00:00,science,3,Science.
2026-09-27T01:15:25.519128+00:00,science,4,Science 
2026-09-27T01:15:25.519128+00:00,science,5,Science 
2026-09-27T01:30:31.089000+00:00,maryland history,1,Maryland history 
2026-09-27T01:30:31.089000+00:00,maryland history,2,Women of achievement in Maryland history 
2026-09-27T01:30:31.089000+00:00,maryland history,3,Maryland history and culture bibliography.
2026-09-27T01:30:31.089000+00:00,maryland history,4,Maryland history notes.
2026-09-27T01:30:31.089000+00:00,maryland history,5,Highlights of Maryland history as presented in the Darnell Young People's Museum: on exhibit at the Maryland Historical Society.
2026-09-27T01:45:23.354355+00:00,linear algebra,1,Linear algebra 
2026-09-27T01:45:23.354355+00:00,linear algebra,2,Linear algebra 
2026-09-27T01:45:23.354355+00:00,linear algebra,3,Linear algebra
2026-09-27T01:45:23.354355+00:00,linear algebra,4,Linear algebra 
2026-09-27T01:45:23.354355+00:00,linear algebra,5,Linear algebra 
2026-09-27T02:00:29.890021+00:00,Migration and Labor 1900,1,"Tramps and trade-union travelers : internal migration and organized labor in Gilded Age America, 1870-1900 "
2026-09-27T02:00:29.890021+00:00,Migration and Labor 1900,2,Migration and Labor Market Adjustment 
2026-09-27T02:00:29.890021+00:00,Migration and Labor 1900,3,Working on labor : essays in honor of Jan Lucassen 
2026-09-27T02:00:29.890021+00:00,Migration and Labor 1900,4,Negro migration in 1916-17 
2026-09-27T02:00:29.890021+00:00,Migration and Labor 1900,5,"The genesis of international mass migration : the British case, 1750-1900 "
2026-09-27T02:15:24.959265+00:00,cats AND dogs,1,Scientific and humane issues in the use of random source dogs and cats in research 
2026-09-27T02:15:24.959265+00:00,cats AND dogs,2,Scientific and humane issues in the use of random source dogs and cats in research 
2026-09-27T02:15:24.959265+00:00,cats AND dogs,3,Sunday morning. Osgood short : like dogs and cats 
2026-09-27T02:15:24.959265+00:00,cats AND dogs,4,Cats : a history 
2026-09-27T02:15:24.959265+00:00,cats AND dogs,5,Deafness in dogs and cats 
2026-09-27T02:30:23.437135+00:00,saltwater encroachment AND climate change,1,Simulation of salinity intrusion along the Georgia and South Carolina coasts using climate-change scenarios 
2026-09-27T02:30:23.437135+00:00,saltwater encroachment AND climate change,2,Simulation of salinity intrusion along the Georgia and South Carolina coasts using climate-change scenarios 
2026-09-27T02:30:23.437135+00:00,saltwater encroachment AND climate change,3,"Simulation of water-table and freshwater/saltwater interface response to climate-change-driven sea-level rise and changes in recharge at Fire Island National Seashore, New York "
2026-09-27T02:30:23.437135+00:00,saltwater encroachment AND climate change,4,"Simulation of water-table and freshwater/saltwater interface response to climate-change-driven sea-level rise and changes in recharge at Fire Island National Seashore, New York "
2026-09-27T02:30:23.437135+00:00,saltwater encroachment AND climate change,5,Sudden spring : stories of adaptation in a climate-changed South 
2026-09-27T02:41:43.299076+00:00,project management AND software,1,Project management 
2026-09-27T02:41:43.299076+00:00,project management AND software,2,The project management tool kit : 100 tips and techniques for getting the job done right 
2026-09-27T02:41:43.299076+00:00,project management AND software,3,Project management : case studies 
2026-09-27T02:41:43.299076+00:00,project management AND software,4,Painless project management with FogBugz
2026-09-27T02:41:43.299076+00:00,project management AND software,5,Adaptable project management : a combination of agile and project management for All (PM4A) 
2026-09-27T02:45:21.973352+00:00,history of japanese art,1,History of Japanese art 
2026-09-27T02:45:21.973352+00:00,history of japanese art,2,History of Japanese art 
2026-09-27T02:45:21.973352+00:00,history of japanese art,3,"History of Japanese art after 1945 : institutions, discourses, practice "
2026-09-27T02:45:21.973352+00:00,history of japanese art,4,A history of Japanese art  : from prehistory to the Taisho period 
2026-09-27T02:45:21.973352+00:00,history of japanese art,5,A concise history of Japanese art 
2026-09-27T03:00:29.160037+00:00,science,1,Science.
2026-09-27T03:00:29.160037+00:00,science,2,Science
2026-09-27T03:00:29.160037+00:00,science,3,Science.
2026-09-27T03:00:29.160037+00:00,science,4,Science 
2026-09-27T03:00:29.160037+00:00,science,5,Science 
2026-09-27T03:15:18.698438+00:00,maryland history,1,Maryland history 
2026-09-27T03:15:18.698438+00:00,maryland history,2,Women of achievement in Maryland history 
2026-09-27T03:15:18.698438+00:00,maryland history,3,Maryland history and culture bibliography.
2026-09-27T03:15:18.698438+00:00,maryland history,4,Maryland history notes.
2026-09-27T03:15:18.698438+00:00,maryland history,5,Highlights of Maryland history as presented in the Darnell Young People's Museum: on exhibit at the Maryland Historical Society.
2026-09-27T03:30:27.540071+00:00,linear algebra,1,Linear algebra 
2026-09-27T03:30:27.540071+00:00,linear algebra,2,Linear algebra 
2026-09-27T03:30:27.540071+00:00,linear algebra,3,Linear algebra
2026-09-27T03:30:27.540071+00:00,linear algebra,4,Linear algebra 
2026-09-27T03:30:27.540071+00:00,linear algebra,5,Linear algebra 
2026-09-27T03:45:21.477848+00:00,Migration and Labor 1900,1,"Tramps and trade-union travelers : internal migration and organized labor in Gilded Age America, 1870-1900 "
2026-09-27T03:45:21.477848+00:00,Migration and Labor 1900,2,Migration and Labor Market Adjustment 
2026-09-27T03:45:21.477848+00:00,Migration and Labor 1900,3,Working on labor : essays in honor of Jan Lucassen 
2026-09-27T03:45:21.477848+00:00,Migration and Labor 1900,4,Negro migration in 1916-17 
2026-09-27T03:45:21.477848+00:00,Migration and Labor 1900,5,"The genesis of international mass migration : the British case, 1750-1900 "
2026-09-27T04:00:28.330731+00:00,cats AND dogs,1,Scientific and humane issues in the use of random source dogs and cats in research 
2026-09-27T04:00:28.330731+00:00,cats AND dogs,2,Scientific and humane issues in the use of random source dogs and cats in research 
2026-09-27T04:00:28.330731+00:00,cats AND dogs,3,Sunday morning. Osgood short : like dogs and cats 
2026-09-27T04:00:28.330731+00:00,cats AND dogs,4,Cats : a history 
2026-09-27T04:00:28.330731+00:00,cats AND dogs,5,Deafness in dogs and cats 
2026-09-27T04:15:21.284267+00:00,saltwater encroachment AND climate change,1,Simulation of salinity intrusion along the Georgia and South Carolina coasts using climate-change scenarios 
2026-09-27T04:15:21.284267+00:00,saltwater encroachment AND climate change,2,Simulation of salinity intrusion along the Georgia and South Carolina coasts using climate-change scenarios 
2026-09-27T04:15:21.284267+00:00,saltwater encroachment AND climate change,3,"Simulation of water-table and freshwater/saltwater interface response to climate-change-driven sea-level rise and changes in recharge at Fire Island National Seashore, New York "
2026-09-27T04:15:21.284267+00:00,saltwater encroachment AND climate change,4,"Simulation of water-table and freshwater/saltwater interface response to climate-change-driven sea-level rise and changes in recharge at Fire Island National Seashore, New York "
2026-09-27T04:15:21.284267+00:00,saltwater encroachment AND climate change,5,Sudden spring : stories of adaptation in a climate-changed South 
2026-09-27T04:30:23.935240+00:00,project management AND software,1,Project management 
2026-09-27T04:30:23.935240+00:00,project management AND software,2,The project management tool kit : 100 tips and techniques for getting the job done right 
2026-09-27T04:30:23.935240+00:00,project management AND software,3,Project management : case studies 
2026-09-27T04:30:23.935240+00:00,project management AND software,4,Painless project management with FogBugz
2026-09-27T04:30:23.935240+00:00,project management AND software,5,Adaptable project management : a combination of agile and project management for All (PM4A) 
2026-09-27T04:45:18.888053+00:00,history of japanese art,1,History of Japanese art 
2026-09-27T04:45:18.888053+00:00,history of japanese art,2,History of Japanese art 
2026-09-27T04:45:18.888053+00:00,history of japanese art,3,"History of Japanese art after 1945 : institutions, discourses, practice "
2026-09-27T04:45:18.888053+00:00,history of japanese art,4,A history of Japanese art  : from prehistory to the Taisho period 
2026-09-27T04:45:18.888053+00:00,history of japanese art,5,A concise history of Japanese art 
2026-09-27T05:00:27.285319+00:00,science,1,Science.
2026-09-27T05:00:27.285319+00:00,science,2,Science
2026-09-27T05:00:27.285319+00:00,science,3,Science.
2026-09-27T05:00:27.285319+00:00,science,4,Science 
2026-09-27T05:00:27.285319+00:00,science,5,Science 
2026-09-27T05:15:18.460265+00:00,maryland history,1,Maryland history 
2026-09-27T05:15:18.460265+00:00,maryland history,2,Women of achievement in Maryland history 
2026-09-27T05:15:18.460265+00:00,maryland history,3,Maryland history and culture bibliography.
2026-09-27T05:15:18.460265+00:00,maryland history,4,Maryland history notes.
2026-09-27T05:15:18.460265+00:00,maryland history,5,Highlights of Maryland history as presented in the Darnell Young People's Museum: on exhibit at the Maryland Historical Society.
2026-09-27T05:30:25.600995+00:00,linear algebra,1,Linear algebra 
2026-09-27T05:30:25.600995+00:00,linear algebra,2,Linear algebra 
2026-09-27T05:30:25.600995+00:00,linear algebra,3,Linear algebra
2026-09-27T05:30:25.600995+00:00,linear algebra,4,Linear algebra 
2026-09-27T05:30:25.600995+00:00,linear algebra,5,Linear algebra 
2026-09-27T05:45:19.807485+00:00,Migration and Labor 1900,1,"Tramps and trade-union travelers : internal migration and organized labor in Gilded Age America, 1870-1900 "
2026-09-27T05:45:19.807485+00:00,Migration and Labor 1900,2,Migration and Labor Market Adjustment 
2026-09-27T05:45:19.807485+00:00,Migration and Labor 1900,3,Working on labor : essays in honor of Jan Lucassen 
2026-09-27T05:45:19.807485+00:00,Migration and Labor 1900,4,Negro migration in 1916-17 
2026-09-27T05:45:19.807485+00:00,Migration and Labor 1900,5,"The genesis of international mass migration : the British case, 1750-1900 "
2026-09-27T06:00:29.508611+00:00,cats AND dogs,1,Scientific and humane issues in the use of random source dogs and cats in research 
2026-09-27T06:00:29.508611+00:00,cats AND dogs,2,Scientific and humane issues in the use of random source dogs and cats in research 
2026-09-27T06:00:29.508611+00:00,cats AND dogs,3,Sunday morning. Osgood short : like dogs and cats 
2026-09-27T06:00:29.508611+00:00,cats AND dogs,4,Cats : a history 
2026-09-27T06:00:29.508611+00:00,cats AND dogs,5,Deafness in dogs and cats 
2026-09-27T06:15:21.664796+00:00,saltwater encroachment AND climate change,1,Simulation of salinity intrusion along the Georgia and South Carolina coasts using climate-change scenarios 
2026-09-27T06:15:21.664796+00:00,saltwater encroachment AND climate change,2,Simulation of salinity intrusion along the Georgia and South Carolina coasts using climate-change scenarios 
2026-09-27T06:15:21.664796+00:00,saltwater encroachment AND climate change,3,"Simulation of water-table and freshwater/saltwater interface response to climate-change-driven sea-level rise and changes in recharge at Fire Island National Seashore, New York "
2026-09-27T06:15:21.664796+00:00,saltwater encroachment AND climate change,4,"Simulation of water-table and freshwater/saltwater interface response to climate-change-driven sea-level rise and changes in recharge at Fire Island National Seashore, New York "
2026-09-27T06:15:21.664796+00:00,saltwater encroachment AND climate change,5,Sudden spring : stories of adaptation in a climate-changed South 
2026-09-27T06:30:24.300014+00:00,project management AND software,1,Project management 
2026-09-27T06:30:24.300014+00:00,project management AND software,2,The project management tool kit : 100 tips and techniques for getting the job done right 
2026-09-27T06:30:24.300014+00:00,project management AND software,3,Project management : case studies 
2026-09-27T06:30:24.300014+00:00,project management AND software,4,Painless project management with FogBugz
2026-09-27T06:30:24.300014+00:00,project management AND software,5,Adaptable project management : a combination of agile and project management for All (PM4A) 
2026-09-27T06:45:23.770458+00:00,history of japanese art,1,History of Japanese art 
2026-09-27T06:45:23.770458+00:00,history of japanese art,2,History of Japanese art 
2026-09-27T06:45:23.770458+00:00,history of japanese art,3,"History of Japanese art after 1945 : institutions, discourses, practice "
2026-09-27T06:45:23.770458+00:00,history of japanese art,4,A history of Japanese art  : from prehistory to the Taisho period 
2026-09-27T06:45:23.770458+00:00,history of japanese art,5,A concise history of Japanese art 
2026-09-27T07:00:28.878242+00:00,science,1,Science.
2026-09-27T07:00:28.878242+00:00,science,2,Science
2026-09-27T07:00:28.878242+00:00,science,3,Science.
2026-09-27T07:00:28.878242+00:00,science,4,Science 
2026-09-27T07:00:28.878242+00:00,science,5,Science 
2026-09-27T07:15:21.589507+00:00,maryland history,1,Maryland history 
2026-09-27T07:15:21.589507+00:00,maryland history,2,Women of achievement in Maryland history 
2026-09-27T07:15:21.589507+00:00,maryland history,3,Maryland history and culture bibliography.
2026-09-27T07:15:21.589507+00:00,maryland history,4,Maryland history notes.
2026-09-27T07:15:21.589507+00:00,maryland history,5,Highlights of Maryland history as presented in the Darnell Young People's Museum: on exhibit at the Maryland Historical Society.
2026-09-27T07:30:27.524121+00:00,linear algebra,1,Linear algebra 
2026-09-27T07:30:27.524121+00:00,linear algebra,2,Linear algebra 
2026-09-27T07:30:27.524121+00:00,linear algebra,3,Linear algebra
2026-09-27T07:30:27.524121+00:00,linear algebra,4,Linear algebra 
2026-09-27T07:30:27.524121+00:00,linear algebra,5,Linear algebra 
2026-09-27T07:45:20.930575+00:00,Migration and Labor 1900,1,"Tramps and trade-union travelers : internal migration and organized labor in Gilded Age America, 1870-1900 "
2026-09-27T07:45:20.930575+00:00,Migration and Labor 1900,2,Migration and Labor Market Adjustment 
2026-09-27T07:45:20.930575+00:00,Migration and Labor 1900,3,Working on labor : essays in honor of Jan Lucassen 
2026-09-27T07:45:20.930575+00:00,Migration and Labor 1900,4,Negro migration in 1916-17 
2026-09-27T07:45:20.930575+00:00,Migration and Labor 1900,5,"The genesis of international mass migration : the British case, 1750-1900 "
2026-09-27T08:00:27.956151+00:00,cats AND dogs,1,Scientific and humane issues in the use of random source dogs and cats in research 
2026-09-27T08:00:27.956151+00:00,cats AND dogs,2,Scientific and humane issues in the use of random source dogs and cats in research 
2026-09-27T08:00:27.956151+00:00,cats AND dogs,3,Sunday morning. Osgood short : like dogs and cats 
2026-09-27T08:00:27.956151+00:00,cats AND dogs,4,Cats : a history 
2026-09-27T08:00:27.956151+00:00,cats AND dogs,5,Deafness in dogs and cats 
2026-09-27T08:15:18.428479+00:00,saltwater encroachment AND climate change,1,Simulation of salinity intrusion along the Georgia and South Carolina coasts using climate-change scenarios 
2026-09-27T08:15:18.428479+00:00,saltwater encroachment AND climate change,2,Simulation of salinity intrusion along the Georgia and South Carolina coasts using climate-change scenarios 
2026-09-27T08:15:18.428479+00:00,saltwater encroachment AND climate change,3,"Simulation of water-table and freshwater/saltwater interface response to climate-change-driven sea-level rise and changes in recharge at Fire Island National Seashore, New York "
2026-09-27T08:15:18.428479+00:00,saltwater encroachment AND climate change,4,"Simulation of water-table and freshwater/saltwater interface response to climate-change-driven sea-level rise and changes in recharge at Fire Island National Seashore, New York "
2026-09-27T08:15:18.428479+00:00,saltwater encroachment AND climate change,5,Sudden spring : stories of adaptation in a climate-changed South 
2026-09-27T08:30:25.870868+00:00,project management AND software,1,Project management 
2026-09-27T08:30:25.870868+00:00,project management AND software,2,The project management tool kit : 100 tips and techniques for getting the job done right 
2026-09-27T08:30:25.870868+00:00,project management AND software,3,Project management : case studies 
2026-09-27T08:30:25.870868+00:00,project management AND software,4,Painless project management with FogBugz
2026-09-27T08:30:25.870868+00:00,project management AND software,5,Adaptable project management : a combination of agile and project management for All (PM4A) 
2026-09-27T08:33:42.643289+00:00,history of japanese art,1,History of Japanese art 
2026-09-27T08:33:42.643289+00:00,history of japanese art,2,History of Japanese art 
2026-09-27T08:33:42.643289+00:00,history of japanese art,3,"History of Japanese art after 1945 : institutions, discourses, practice "
2026-09-27T08:33:42.643289+00:00,history of japanese art,4,A history of Japanese art  : from prehistory to the Taisho period 
2026-09-27T08:33:42.643289+00:00,history of japanese art,5,A concise history of Japanese art 
2026-09-27T08:45:19.338088+00:00,science,1,Science.
2026-09-27T08:45:19.338088+00:00,science,2,Science
2026-09-27T08:45:19.338088+00:00,science,3,Science.
2026-09-27T08:45:19.338088+00:00,science,4,Science 
2026-09-27T08:45:19.338088+00:00,science,5,Science 
2026-09-27T09:00:30.172489+00:00,maryland history,1,Maryland history 
2026-09-27T09:00:30.172489+00:00,maryland history,2,Women of achievement in Maryland history 
2026-09-27T09:00:30.172489+00:00,maryland history,3,Maryland history and culture bibliography.
2026-09-27T09:00:30.172489+00:00,maryland history,4,Maryland history notes.
2026-09-27T09:00:30.172489+00:00,maryland history,5,Highlights of Maryland history as presented in the Darnell Young People's Museum: on exhibit at the Maryland Historical Society.
2026-09-27T09:15:23.924036+00:00,linear algebra,1,Linear algebra 
2026-09-27T09:15:23.924036+00:00,linear algebra,2,Linear algebra 
2026-09-27T09:15:23.924036+00:00,linear algebra,3,Linear algebra
2026-09-27T09:15:23.924036+00:00,linear algebra,4,Linear algebra 
2026-09-27T09:15:23.924036+00:00,linear algebra,5,Linear algebra 
2026-09-27T09:30:23.005080+00:00,Migration and Labor 1900,1,"Tramps and trade-union travelers : internal migration and organized labor in Gilded Age America, 1870-1900 "
2026-09-27T09:30:23.005080+00:00,Migration and Labor 1900,2,Migration and Labor Market Adjustment 
2026-09-27T09:30:23.005080+00:00,Migration and Labor 1900,3,Working on labor : essays in honor of Jan Lucassen 
2026-09-27T09:30:23.005080+00:00,Migration and Labor 1900,4,Negro migration in 1916-17 
2026-09-27T09:30:23.005080+00:00,Migration and Labor 1900,5,"The genesis of international mass migration : the British case, 1750-1900 "
2026-09-27T09:45:17.849849+00:00,cats AND dogs,1,Scientific and humane issues in the use of random source dogs and cats in research 
2026-09-27T09:45:17.849849+00:00,cats AND dogs,2,Scientific and humane issues in the use of random source dogs and cats in research 
2026-09-27T09:45:17.849849+00:00,cats AND dogs,3,Sunday morning. Osgood short : like dogs and cats 
2026-09-27T09:45:17.849849+00:00,cats AND dogs,4,Cats : a history 
2026-09-27T09:45:17.849849+00:00,cats AND dogs,5,Deafness in dogs and cats 
2026-09-27T10:00:28.602200+00:00,saltwater encroachment AND climate change,1,Simulation of salinity intrusion along the Georgia and South Carolina coasts using climate-change scenarios 
2026-09-27T10:00:28.602200+00:00,saltwater encroachment AND climate change,2,Simulation of salinity intrusion along the Georgia and South Carolina coasts using climate-change scenarios 
2026-09-27T10:00:28.602200+00:00,saltwater encroachment AND climate change,3,"Simulation of water-table and freshwater/saltwater interface response to climate-change-driven sea-level rise and changes in recharge at Fire Island National Seashore, New York "
2026-09-27T10:00:28.602200+00:00,saltwater encroachment AND climate change,4,"Simulation of water-table and freshwater/saltwater interface response to climate-change-driven sea-level rise and changes in recharge at Fire Island National Seashore, New York "
2026-09-27T10:00:28.602200+00:00,saltwater encroachment AND climate change,5,Sudden spring : stories of adaptation in a climate-changed South 
2026-09-27T10:15:21.815158+00:00,project management AND software,1,Project management 
2026-09-27T10:15:21.815158+00:00,project management AND software,2,The project management tool kit : 100 tips and techniques for getting the job done right 
2026-09-27T10:15:21.815158+00:00,project management AND software,3,Project management : case studies 
2026-09-27T10:15:21.815158+00:00,project management AND software,4,Painless project management with FogBugz
2026-09-27T10:15:21.815158+00:00,project management AND software,5,Adaptable project management : a combination of agile and project management for All (PM4A) 
2026-09-27T10:30:26.278878+00:00,history of japanese art,1,History of Japanese art 
2026-09-27T10:30:26.278878+00:00,history of japanese art,2,History of Japanese art 
2026-09-27T10:30:26.278878+00:00,history of japanese art,3,"History of Japanese art after 1945 : institutions, discourses, practice "
2026-09-27T10:30:26.278878+00:00,history of japanese art,4,A history of Japanese art  : from prehistory to the Taisho period 
2026-09-27T10:30:26.278878+00:00,history of japanese art,5,A concise history of Japanese art 
2026-09-27T10:45:20.588321+00:00,science,1,Science.
2026-09-27T10:45:20.588321+00:00,science,2,Science
2026-09-27T10:45:20.588321+00:00,science,3,Science.
2026-09-27T10:45:20.588321+00:00,science,4,Science 
2026-09-27T10:45:20.588321+00:00,science,5,Science 
2026-09-27T11:00:34.138341+00:00,maryland history,1,Maryland history 
2026-09-27T11:00:34.138341+00:00,maryland history,2,Women of achievement in Maryland history 
2026-09-27T11:00:34.138341+00:00,maryland history,3,Maryland history and culture bibliography.
2026-09-27T11:00:34.138341+00:00,maryland history,4,Maryland history notes.
2026-09-27T11:00:34.138341+00:00,maryland history,5,Highlights of Maryland history as presented in the Darnell Young People's Museum: on exhibit at the Maryland Historical Society.
2026-09-27T11:15:20.600049+00:00,linear algebra,1,Linear algebra 
2026-09-27T11:15:20.600049+00:00,linear algebra,2,Linear algebra 
2026-09-27T11:15:20.600049+00:00,linear algebra,3,Linear algebra
2026-09-27T11:15:20.600049+00:00,linear algebra,4,Linear algebra 
2026-09-27T11:15:20.600049+00:00,linear algebra,5,Linear algebra 
2026-09-27T11:30:24.848530+00:00,Migration and Labor 1900,1,"Tramps and trade-union travelers : internal migration and organized labor in Gilded Age America, 1870-1900 "
2026-09-27T11:30:24.848530+00:00,Migration and Labor 1900,2,Migration and Labor Market Adjustment 
2026-09-27T11:30:24.848530+00:00,Migration and Labor 1900,3,Working on labor : essays in honor of Jan Lucassen 
2026-09-27T11:30:24.848530+00:00,Migration and Labor 1900,4,Negro migration in 1916-17 
2026-09-27T11:30:24.848530+00:00,Migration and Labor 1900,5,"The genesis of international mass migration : the British case, 1750-1900 "
2026-09-27T11:45:21.541291+00:00,cats AND dogs,1,Scientific and humane issues in the use of random source dogs and cats in research 
2026-09-27T11:45:21.541291+00:00,cats AND dogs,2,Scientific and humane issues in the use of random source dogs and cats in research 
2026-09-27T11:45:21.541291+00:00,cats AND dogs,3,Sunday morning. Osgood short : like dogs and cats 
2026-09-27T11:45:21.541291+00:00,cats AND dogs,4,Cats : a history 
2026-09-27T11:45:21.541291+00:00,cats AND dogs,5,Deafness in dogs and cats 
2026-09-27T12:00:27.870527+00:00,saltwater encroachment AND climate change,1,Simulation of salinity intrusion along the Georgia and South Carolina coasts using climate-change scenarios 
2026-09-27T12:00:27.870527+00:00,saltwater encroachment AND climate change,2,Simulation of salinity intrusion along the Georgia and South Carolina coasts using climate-change scenarios 
2026-09-27T12:00:27.870527+00:00,saltwater encroachment AND climate change,3,"Simulation of water-table and freshwater/saltwater interface response to climate-change-driven sea-level rise and changes in recharge at Fire Island National Seashore, New York "
2026-09-27T12:00:27.870527+00:00,saltwater encroachment AND climate change,4,"Simulation of water-table and freshwater/saltwater interface response to climate-change-driven sea-level rise and changes in recharge at Fire Island National Seashore, New York "
2026-09-27T12:00:27.870527+00:00,saltwater encroachment AND climate change,5,Sudden spring : stories of adaptation in a climate-changed South 
2026-09-27T12:15:19.927520+00:00,project management AND software,1,Project management 
2026-09-27T12:15:19.927520+00:00,project management AND software,2,The project management tool kit : 100 tips and techniques for getting the job done right 
2026-09-27T12:15:19.927520+00:00,project management AND software,3,Project management : case studies 
2026-09-27T12:15:19.927520+00:00,project management AND software,4,Painless project management with FogBugz
2026-09-27T12:15:19.927520+00:00,project management AND software,5,Adaptable project management : a combination of agile and project management for All (PM4A) 
2026-09-27T12:30:25.157212+00:00,history of japanese art,1,History of Japanese art 
2026-09-27T12:30:25.157212+00:00,history of japanese art,2,History of Japanese art 
2026-09-27T12:30:25.157212+00:00,history of japanese art,3,"History of Japanese art after 1945 : institutions, discourses, practice "
2026-09-27T12:30:25.157212+00:00,history of japanese art,4,A history of Japanese art  : from prehistory to the Taisho period 
2026-09-27T12:30:25.157212+00:00,history of japanese art,5,A concise history of Japanese art 
2026-09-27T12:45:19.565171+00:00,science,1,Science.
2026-09-27T12:45:19.565171+00:00,science,2,Science
2026-09-27T12:45:19.565171+00:00,science,3,Science.
2026-09-27T12:45:19.565171+00:00,science,4,Science 
2026-09-27T12:45:19.565171+00:00,science,5,Science 
2026-09-27T13:00:30.225659+00:00,maryland history,1,Maryland history 
2026-09-27T13:00:30.225659+00:00,maryland history,2,Women of achievement in Maryland history 
2026-09-27T13:00:30.225659+00:00,maryland history,3,Maryland history and culture bibliography.
2026-09-27T13:00:30.225659+00:00,maryland history,4,Maryland history notes.
2026-09-27T13:00:30.225659+00:00,maryland history,5,Highlights of Maryland history as presented in the Darnell Young People's Museum: on exhibit at the Maryland Historical Society.
2026-09-27T13:15:18.770594+00:00,linear algebra,1,Linear algebra 
2026-09-27T13:15:18.770594+00:00,linear algebra,2,Linear algebra 
2026-09-27T13:15:18.770594+00:00,linear algebra,3,Linear algebra
2026-09-27T13:15:18.770594+00:00,linear algebra,4,Linear algebra 
2026-09-27T13:15:18.770594+00:00,linear algebra,5,Linear algebra 
2026-09-27T13:30:22.113038+00:00,Migration and Labor 1900,1,"Tramps and trade-union travelers : internal migration and organized labor in Gilded Age America, 1870-1900 "
2026-09-27T13:30:22.113038+00:00,Migration and Labor 1900,2,Migration and Labor Market Adjustment 
2026-09-27T13:30:22.113038+00:00,Migration and Labor 1900,3,Working on labor : essays in honor of Jan Lucassen 
2026-09-27T13:30:22.113038+00:00,Migration and Labor 1900,4,Negro migration in 1916-17 
2026-09-27T13:30:22.113038+00:00,Migration and Labor 1900,5,"The genesis of international mass migration : the British case, 1750-1900 "
2026-09-27T13:45:19.374799+00:00,cats AND dogs,1,Scientific and humane issues in the use of random source dogs and cats in research 
2026-09-27T13:45:19.374799+00:00,cats AND dogs,2,Scientific and humane issues in the use of random source dogs and cats in research 
2026-09-27T13:45:19.374799+00:00,cats AND dogs,3,Sunday morning. Osgood short : like dogs and cats 
2026-09-27T13:45:19.374799+00:00,cats AND dogs,4,Cats : a history 
2026-09-27T13:45:19.374799+00:00,cats AND dogs,5,Deafness in dogs and cats 
2026-09-27T14:00:29.614828+00:00,saltwater encroachment AND climate change,1,Simulation of salinity intrusion along the Georgia and South Carolina coasts using climate-change scenarios 
2026-09-27T14:00:29.614828+00:00,saltwater encroachment AND climate change,2,Simulation of salinity intrusion along the Georgia and South Carolina coasts using climate-change scenarios 
2026-09-27T14:00:29.614828+00:00,saltwater encroachment AND climate change,3,"Simulation of water-table and freshwater/saltwater interface response to climate-change-driven sea-level rise and changes in recharge at Fire Island National Seashore, New York "
2026-09-27T14:00:29.614828+00:00,saltwater encroachment AND climate change,4,"Simulation of water-table and freshwater/saltwater interface response to climate-change-driven sea-level rise and changes in recharge at Fire Island National Seashore, New York "
2026-09-27T14:00:29.614828+00:00,saltwater encroachment AND climate change,5,Sudden spring : stories of adaptation in a climate-changed South 
2026-09-27T14:15:17.851886+00:00,project management AND software,1,Project management 
2026-09-27T14:15:17.851886+00:00,project management AND software,2,The project management tool kit : 100 tips and techniques for getting the job done right 
2026-09-27T14:15:17.851886+00:00,project management AND software,3,Project management : case studies 
2026-09-27T14:15:17.851886+00:00,project management AND software,4,Painless project management with FogBugz
2026-09-27T14:15:17.851886+00:00,project management AND software,5,Adaptable project management : a combination of agile and project management for All (PM4A) 
2026-09-27T14:17:23.605331+00:00,history of japanese art,1,History of Japanese art 
2026-09-27T14:17:23.605331+00:00,history of japanese art,2,History of Japanese art 
2026-09-27T14:17:23.605331+00:00,history of japanese art,3,"History of Japanese art after 1945 : institutions, discourses, practice "
2026-09-27T14:17:23.605331+00:00,history of japanese art,4,A history of Japanese art  : from prehistory to the Taisho period 
2026-09-27T14:17:23.605331+00:00,history of japanese art,5,A concise history of Japanese art 
2026-09-27T14:30:26.880959+00:00,science,1,Science.
2026-09-27T14:30:26.880959+00:00,science,2,Science
2026-09-27T14:30:26.880959+00:00,science,3,Science.
2026-09-27T14:30:26.880959+00:00,science,4,Science 
2026-09-27T14:30:26.880959+00:00,science,5,Science 
2026-09-27T14:45:20.791854+00:00,maryland history,1,Maryland history 
2026-09-27T14:45:20.791854+00:00,maryland history,2,Women of achievement in Maryland history 
2026-09-27T14:45:20.791854+00:00,maryland history,3,Maryland history and culture bibliography.
2026-09-27T14:45:20.791854+00:00,maryland history,4,Maryland history notes.
2026-09-27T14:45:20.791854+00:00,maryland history,5,Highlights of Maryland history as presented in the Darnell Young People's Museum: on exhibit at the Maryland Historical Society.
2026-09-27T15:00:28.923247+00:00,linear algebra,1,Linear algebra 
2026-09-27T15:00:28.923247+00:00,linear algebra,2,Linear algebra 
2026-09-27T15:00:28.923247+00:00,linear algebra,3,Linear algebra
2026-09-27T15:00:28.923247+00:00,linear algebra,4,Linear algebra 
2026-09-27T15:00:28.923247+00:00,linear algebra,5,Linear algebra 
2026-09-27T15:15:18.346740+00:00,Migration and Labor 1900,1,"Tramps and trade-union travelers : internal migration and organized labor in Gilded Age America, 1870-1900 "
2026-09-27T15:15:18.346740+00:00,Migration and Labor 1900,2,Migration and Labor Market Adjustment 
2026-09-27T15:15:18.346740+00:00,Migration and Labor 1900,3,Working on labor : essays in honor of Jan Lucassen 
2026-09-27T15:15:18.346740+00:00,Migration and Labor 1900,4,Negro migration in 1916-17 
2026-09-27T15:15:18.346740+00:00,Migration and Labor 1900,5,"The genesis of international mass migration : the British case, 1750-1900 "
2026-09-27T15:30:23.859492+00:00,cats AND dogs,1,Scientific and humane issues in the use of random source dogs and cats in research 
2026-09-27T15:30:23.859492+00:00,cats AND dogs,2,Scientific and humane issues in the use of random source dogs and cats in research 
2026-09-27T15:30:23.859492+00:00,cats AND dogs,3,Sunday morning. Osgood short : like dogs and cats 
2026-09-27T15:30:23.859492+00:00,cats AND dogs,4,Cats : a history 
2026-09-27T15:30:23.859492+00:00,cats AND dogs,5,Deafness in dogs and cats 
2026-09-27T15:45:18.923304+00:00,saltwater encroachment AND climate change,1,Simulation of salinity intrusion along the Georgia and South Carolina coasts using climate-change scenarios 
2026-09-27T15:45:18.923304+00:00,saltwater encroachment AND climate change,2,Simulation of salinity intrusion along the Georgia and South Carolina coasts using climate-change scenarios 
2026-09-27T15:45:18.923304+00:00,saltwater encroachment AND climate change,3,"Simulation of water-table and freshwater/saltwater interface response to climate-change-driven sea-level rise and changes in recharge at Fire Island National Seashore, New York "
2026-09-27T15:45:18.923304+00:00,saltwater encroachment AND climate change,4,"Simulation of water-table and freshwater/saltwater interface response to climate-change-driven sea-level rise and changes in recharge at Fire Island National Seashore, New York "
2026-09-27T15:45:18.923304+00:00,saltwater encroachment AND climate change,5,Sudden spring : stories of adaptation in a climate-changed South 
2026-09-27T16:00:29.399307+00:00,project management AND software,1,Project management 
2026-09-27T16:00:29.399307+00:00,project management AND software,2,The project management tool kit : 100 tips and techniques for getting the job done right 
2026-09-27T16:00:29.399307+00:00,project management AND software,3,Project management : case studies 
2026-09-27T16:00:29.399307+00:00,project management AND software,4,Painless project management with FogBugz
2026-09-27T16:00:29.399307+00:00,project management AND software,5,Adaptable project management : a combination of agile and project management for All (PM4A) 
2026-09-27T16:15:18.546601+00:00,history of japanese art,1,History of Japanese art 
2026-09-27T16:15:18.546601+00:00,history of japanese art,2,History of Japanese art 
2026-09-27T16:15:18.546601+00:00,history of japanese art,3,"History of Japanese art after 1945 : institutions, discourses, practice "
2026-09-27T16:15:18.546601+00:00,history of japanese art,4,A history of Japanese art  : from prehistory to the Taisho period 
2026-09-27T16:15:18.546601+00:00,history of japanese art,5,A concise history of Japanese art 
2026-09-27T16:30:22.892209+00:00,science,1,Science.
2026-09-27T16:30:22.892209+00:00,science,2,Science
2026-09-27T16:30:22.892209+00:00,science,3,Science.
2026-09-27T16:30:22.892209+00:00,science,4,Science 
2026-09-27T16:30:22.892209+00:00,science,5,Science 
2026-09-27T16:45:20.764866+00:00,maryland history,1,Maryland history 
2026-09-27T16:45:20.764866+00:00,maryland history,2,Women of achievement in Maryland history 
2026-09-27T16:45:20.764866+00:00,maryland history,3,Maryland history and culture bibliography.
2026-09-27T16:45:20.764866+00:00,maryland history,4,Maryland history notes.
2026-09-27T16:45:20.764866+00:00,maryland history,5,Highlights of Maryland history as presented in the Darnell Young People's Museum: on exhibit at the Maryland Historical Society.
2026-09-27T17:00:27.101807+00:00,linear algebra,1,Linear algebra 
2026-09-27T17:00:27.101807+00:00,linear algebra,2,Linear algebra 
2026-09-27T17:00:27.101807+00:00,linear algebra,3,Linear algebra
2026-09-27T17:00:27.101807+00:00,linear algebra,4,Linear algebra 
2026-09-27T17:00:27.101807+00:00,linear algebra,5,Linear algebra 
2026-09-27T17:15:18.122519+00:00,Migration and Labor 1900,1,"Tramps and trade-union travelers : internal migration and organized labor in Gilded Age America, 1870-1900 "
2026-09-27T17:15:18.122519+00:00,Migration and Labor 1900,2,Migration and Labor Market Adjustment 
2026-09-27T17:15:18.122519+00:00,Migration and Labor 1900,3,Working on labor : essays in honor of Jan Lucassen 
2026-09-27T17:15:18.122519+00:00,Migration and Labor 1900,4,Negro migration in 1916-17 
2026-09-27T17:15:18.122519+00:00,Migration and Labor 1900,5,"The genesis of international mass migration : the British case, 1750-1900 "
2026-09-27T17:30:25.002719+00:00,cats AND dogs,1,Scientific and humane issues in the use of random source dogs and cats in research 
2026-09-27T17:30:25.002719+00:00,cats AND dogs,2,Scientific and humane issues in the use of random source dogs and cats in research 
2026-09-27T17:30:25.002719+00:00,cats AND dogs,3,Sunday morning. Osgood short : like dogs and cats 
2026-09-27T17:30:25.002719+00:00,cats AND dogs,4,Cats : a history 
2026-09-27T17:30:25.002719+00:00,cats AND dogs,5,Deafness in dogs and cats 
2026-09-27T17:45:19.592363+00:00,saltwater encroachment AND climate change,1,Simulation of salinity intrusion along the Georgia and South Carolina coasts using climate-change scenarios 
2026-09-27T17:45:19.592363+00:00,saltwater encroachment AND climate change,2,Simulation of salinity intrusion along the Georgia and South Carolina coasts using climate-change scenarios 
2026-09-27T17:45:19.592363+00:00,saltwater encroachment AND climate change,3,"Simulation of water-table and freshwater/saltwater interface response to climate-change-driven sea-level rise and changes in recharge at Fire Island National Seashore, New York "
2026-09-27T17:45:19.592363+00:00,saltwater encroachment AND climate change,4,"Simulation of water-table and freshwater/saltwater interface response to climate-change-driven sea-level rise and changes in recharge at Fire Island National Seashore, New York "
2026-09-27T17:45:19.592363+00:00,saltwater encroachment AND climate change,5,Sudden spring : stories of adaptation in a climate-changed South 
2026-09-27T18:00:27.858224+00:00,project management AND software,1,Project management 
2026-09-27T18:00:27.858224+00:00,project management AND software,2,The project management tool kit : 100 tips and techniques for getting the job done right 
2026-09-27T18:00:27.858224+00:00,project management AND software,3,Project management : case studies 
2026-09-27T18:00:27.858224+00:00,project management AND software,4,Painless project management with FogBugz
2026-09-27T18:00:27.858224+00:00,project management AND software,5,Adaptable project management : a combination of agile and project management for All (PM4A) 
2026-09-27T18:15:19.600069+00:00,history of japanese art,1,History of Japanese art 
2026-09-27T18:15:19.600069+00:00,history of japanese art,2,History of Japanese art 
2026-09-27T18:15:19.600069+00:00,history of japanese art,3,"History of Japanese art after 1945 : institutions, discourses, practice "
2026-09-27T18:15:19.600069+00:00,history of japanese art,4,A history of Japanese art  : from prehistory to the Taisho period 
2026-09-27T18:15:19.600069+00:00,history of japanese art,5,A concise history of Japanese art 
2026-09-27T18:30:26.095476+00:00,science,1,Science.
2026-09-27T18:30:26.095476+00:00,science,2,Science
2026-09-27T18:30:26.095476+00:00,science,3,Science.
2026-09-27T18:30:26.095476+00:00,science,4,Science 
2026-09-27T18:30:26.095476+00:00,science,5,Science 
2026-09-27T18:33:13.064357+00:00,maryland history,1,Maryland history 
2026-09-27T18:33:13.064357+00:00,maryland history,2,Women of achievement in Maryland history 
2026-09-27T18:33:13.064357+00:00,maryland history,3,Maryland history and culture bibliography.
2026-09-27T18:33:13.064357+00:00,maryland history,4,Maryland history notes.
2026-09-27T18:33:13.064357+00:00,maryland history,5,Highlights of Maryland history as presented in the Darnell Young People's Museum: on exhibit at the Maryland Historical Society.
2026-09-27T18:45:17.855808+00:00,linear algebra,1,Linear algebra 
2026-09-27T18:45:17.855808+00:00,linear algebra,2,Linear algebra 
2026-09-27T18:45:17.855808+00:00,linear algebra,3,Linear algebra
2026-09-27T18:45:17.855808+00:00,linear algebra,4,Linear algebra 
2026-09-27T18:45:17.855808+00:00,linear algebra,5,Linear algebra 
2026-09-27T19:00:28.697440+00:00,Migration and Labor 1900,1,"Tramps and trade-union travelers : internal migration and organized labor in Gilded Age America, 1870-1900 "
2026-09-27T19:00:28.697440+00:00,Migration and Labor 1900,2,Migration and Labor Market Adjustment 
2026-09-27T19:00:28.697440+00:00,Migration and Labor 1900,3,Working on labor : essays in honor of Jan Lucassen 
2026-09-27T19:00:28.697440+00:00,Migration and Labor 1900,4,Negro migration in 1916-17 
2026-09-27T19:00:28.697440+00:00,Migration and Labor 1900,5,"The genesis of international mass migration : the British case, 1750-1900 "
2026-09-27T19:15:18.342362+00:00,cats AND dogs,1,Scientific and humane issues in the use of random source dogs and cats in research 
2026-09-27T19:15:18.342362+00:00,cats AND dogs,2,Scientific and humane issues in the use of random source dogs and cats in research 
2026-09-27T19:15:18.342362+00:00,cats AND dogs,3,Sunday morning. Osgood short : like dogs and cats 
2026-09-27T19:15:18.342362+00:00,cats AND dogs,4,Cats : a history 
2026-09-27T19:15:18.342362+00:00,cats AND dogs,5,Deafness in dogs and cats 
2026-09-27T19:30:23.263676+00:00,saltwater encroachment AND climate change,1,Simulation of salinity intrusion along the Georgia and South Carolina coasts using climate-change scenarios 
2026-09-27T19:30:23.263676+00:00,saltwater encroachment AND climate change,2,Simulation of salinity intrusion along the Georgia and South Carolina coasts using climate-change scenarios 
2026-09-27T19:30:23.263676+00:00,saltwater encroachment AND climate change,3,"Simulation of water-table and freshwater/saltwater interface response to climate-change-driven sea-level rise and changes in recharge at Fire Island National Seashore, New York "
2026-09-27T19:30:23.263676+00:00,saltwater encroachment AND climate change,4,"Simulation of water-table and freshwater/saltwater interface response to climate-change-driven sea-level rise and changes in recharge at Fire Island National Seashore, New York "
2026-09-27T19:30:23.263676+00:00,saltwater encroachment AND climate change,5,Sudden spring : stories of adaptation in a climate-changed South 
2026-09-27T19:45:18.267328+00:00,project management AND software,1,Project management 
2026-09-27T19:45:18.267328+00:00,project management AND software,2,The project management tool kit : 100 tips and techniques for getting the job done right 
2026-09-27T19:45:18.267328+00:00,project management AND software,3,Project management : case studies 
2026-09-27T19:45:18.267328+00:00,project management AND software,4,Painless project management with FogBugz
2026-09-27T19:45:18.267328+00:00,project management AND software,5,Adaptable project management : a combination of agile and project management for All (PM4A) 
2026-09-27T20:00:27.511510+00:00,history of japanese art,1,History of Japanese art 
2026-09-27T20:00:27.511510+00:00,history of japanese art,2,History of Japanese art 
2026-09-27T20:00:27.511510+00:00,history of japanese art,3,"History of Japanese art after 1945 : institutions, discourses, practice "
2026-09-27T20:00:27.511510+00:00,history of japanese art,4,A history of Japanese art  : from prehistory to the Taisho period 
2026-09-27T20:00:27.511510+00:00,history of japanese art,5,A concise history of Japanese art 
2026-09-27T20:15:19.680224+00:00,science,1,Science.
2026-09-27T20:15:19.680224+00:00,science,2,Science
2026-09-27T20:15:19.680224+00:00,science,3,Science.
2026-09-27T20:15:19.680224+00:00,science,4,Science 
2026-09-27T20:15:19.680224+00:00,science,5,Science 
2026-09-27T20:30:22.141806+00:00,maryland history,1,Maryland history 
2026-09-27T20:30:22.141806+00:00,maryland history,2,Women of achievement in Maryland history 
2026-09-27T20:30:22.141806+00:00,maryland history,3,Maryland history and culture bibliography.
2026-09-27T20:30:22.141806+00:00,maryland history,4,Maryland history notes.
2026-09-27T20:30:22.141806+00:00,maryland history,5,Highlights of Maryland history as presented in the Darnell Young People's Museum: on exhibit at the Maryland Historical Society.
2026-09-27T20:45:19.679168+00:00,linear algebra,1,Linear algebra 
2026-09-27T20:45:19.679168+00:00,linear algebra,2,Linear algebra 
2026-09-27T20:45:19.679168+00:00,linear algebra,3,Linear algebra
2026-09-27T20:45:19.679168+00:00,linear algebra,4,Linear algebra 
2026-09-27T20:45:19.679168+00:00,linear algebra,5,Linear algebra 
2026-09-27T21:00:27.071841+00:00,Migration and Labor 1900,1,"Tramps and trade-union travelers : internal migration and organized labor in Gilded Age America, 1870-1900 "
2026-09-27T21:00:27.071841+00:00,Migration and Labor 1900,2,Migration and Labor Market Adjustment 
2026-09-27T21:00:27.071841+00:00,Migration and Labor 1900,3,Working on labor : essays in honor of Jan Lucassen 
2026-09-27T21:00:27.071841+00:00,Migration and Labor 1900,4,Negro migration in 1916-17 
2026-09-27T21:00:27.071841+00:00,Migration and Labor 1900,5,"The genesis of international mass migration : the British case, 1750-1900 "
2026-09-27T21:15:18.361971+00:00,cats AND dogs,1,Scientific and humane issues in the use of random source dogs and cats in research 
2026-09-27T21:15:18.361971+00:00,cats AND dogs,2,Scientific and humane issues in the use of random source dogs and cats in research 
2026-09-27T21:15:18.361971+00:00,cats AND dogs,3,Sunday morning. Osgood short : like dogs and cats 
2026-09-27T21:15:18.361971+00:00,cats AND dogs,4,Cats : a history 
2026-09-27T21:15:18.361971+00:00,cats AND dogs,5,Deafness in dogs and cats 
2026-09-27T21:30:22.814205+00:00,saltwater encroachment AND climate change,1,Simulation of salinity intrusion along the Georgia and South Carolina coasts using climate-change scenarios 
2026-09-27T21:30:22.814205+00:00,saltwater encroachment AND climate change,2,Simulation of salinity intrusion along the Georgia and South Carolina coasts using climate-change scenarios 
2026-09-27T21:30:22.814205+00:00,saltwater encroachment AND climate change,3,"Simulation of water-table and freshwater/saltwater interface response to climate-change-driven sea-level rise and changes in recharge at Fire Island National Seashore, New York "
2026-09-27T21:30:22.814205+00:00,saltwater encroachment AND climate change,4,"Simulation of water-table and freshwater/saltwater interface response to climate-change-driven sea-level rise and changes in recharge at Fire Island National Seashore, New York "
2026-09-27T21:30:22.814205+00:00,saltwater encroachment AND climate change,5,Sudden spring : stories of adaptation in a climate-changed South 
2026-09-27T21:35:46.689324+00:00,project management AND software,1,Project management 
2026-09-27T21:35:46.689324+00:00,project management AND software,2,The project management tool kit : 100 tips and techniques for getting the job done right 
2026-09-27T21:35:46.689324+00:00,project management AND software,3,Project management : case studies 
2026-09-27T21:35:46.689324+00:00,project management AND software,4,Painless project management with FogBugz
2026-09-27T21:35:46.689324+00:00,project management AND software,5,Adaptable project management : a combination of agile and project management for All (PM4A) 
2026-09-27T21:45:19.282001+00:00,history of japanese art,1,History of Japanese art 
2026-09-27T21:45:19.282001+00:00,history of japanese art,2,History of Japanese art 
2026-09-27T21:45:19.282001+00:00,history of japanese art,3,"History of Japanese art after 1945 : institutions, discourses, practice "
2026-09-27T21:45:19.282001+00:00,history of japanese art,4,A history of Japanese art  : from prehistory to the Taisho period 
2026-09-27T21:45:19.282001+00:00,history of japanese art,5,A concise history of Japanese art 
2026-09-27T22:00:27.700058+00:00,science,1,Science.
2026-09-27T22:00:27.700058+00:00,science,2,Science
2026-09-27T22:00:27.700058+00:00,science,3,Science.
2026-09-27T22:00:27.700058+00:00,science,4,Science 
2026-09-27T22:00:27.700058+00:00,science,5,Science 
2026-09-27T22:15:18.293092+00:00,maryland history,1,Maryland history 
2026-09-27T22:15:18.293092+00:00,maryland history,2,Women of achievement in Maryland history 
2026-09-27T22:15:18.293092+00:00,maryland history,3,Maryland history and culture bibliography.
2026-09-27T22:15:18.293092+00:00,maryland history,4,Maryland history notes.
2026-09-27T22:15:18.293092+00:00,maryland history,5,Highlights of Maryland history as presented in the Darnell Young People's Museum: on exhibit at the Maryland Historical Society.
2026-09-27T22:30:22.566134+00:00,linear algebra,1,Linear algebra 
2026-09-27T22:30:22.566134+00:00,linear algebra,2,Linear algebra 
2026-09-27T22:30:22.566134+00:00,linear algebra,3,Linear algebra
2026-09-27T22:30:22.566134+00:00,linear algebra,4,Linear algebra 
2026-09-27T22:30:22.566134+00:00,linear algebra,5,Linear algebra 
2026-09-27T22:45:21.406055+00:00,Migration and Labor 1900,1,"Tramps and trade-union travelers : internal migration and organized labor in Gilded Age America, 1870-1900 "
2026-09-27T22:45:21.406055+00:00,Migration and Labor 1900,2,Migration and Labor Market Adjustment 
2026-09-27T22:45:21.406055+00:00,Migration and Labor 1900,3,Working on labor : essays in honor of Jan Lucassen 
2026-09-27T22:45:21.406055+00:00,Migration and Labor 1900,4,Negro migration in 1916-17 
2026-09-27T22:45:21.406055+00:00,Migration and Labor 1900,5,"The genesis of international mass migration : the British case, 1750-1900 "
2026-09-27T23:00:26.856465+00:00,cats AND dogs,1,Scientific and humane issues in the use of random source dogs and cats in research 
2026-09-27T23:00:26.856465+00:00,cats AND dogs,2,Scientific and humane issues in the use of random source dogs and cats in research 
2026-09-27T23:00:26.856465+00:00,cats AND dogs,3,Sunday morning. Osgood short : like dogs and cats 
2026-09-27T23:00:26.856465+00:00,cats AND dogs,4,Cats : a history 
2026-09-27T23:00:26.856465+00:00,cats AND dogs,5,Deafness in dogs and cats 
2026-09-27T23:15:20.899338+00:00,saltwater encroachment AND climate change,1,Simulation of salinity intrusion along the Georgia and South Carolina coasts using climate-change scenarios 
2026-09-27T23:15:20.899338+00:00,saltwater encroachment AND climate change,2,Simulation of salinity intrusion along the Georgia and South Carolina coasts using climate-change scenarios 
2026-09-27T23:15:20.899338+00:00,saltwater encroachment AND climate change,3,"Simulation of water-table and freshwater/saltwater interface response to climate-change-driven sea-level rise and changes in recharge at Fire Island National Seashore, New York "
2026-09-27T23:15:20.899338+00:00,saltwater encroachment AND climate change,4,"Simulation of water-table and freshwater/saltwater interface response to climate-change-driven sea-level rise and changes in recharge at Fire Island National Seashore, New York "
2026-09-27T23:15:20.899338+00:00,saltwater encroachment AND climate change,5,Sudden spring : stories of adaptation in a climate-changed South 
2026-09-27T23:30:22.726208+00:00,project management AND software,1,Project management 
2026-09-27T23:30:22.726208+00:00,project management AND software,2,The project management tool kit : 100 tips and techniques for getting the job done right 
2026-09-27T23:30:22.726208+00:00,project management AND software,3,Project management : case studies 
2026-09-27T23:30:22.726208+00:00,project management AND software,4,Painless project management with FogBugz
2026-09-27T23:30:22.726208+00:00,project management AND software,5,Adaptable project management : a combination of agile and project management for All (PM4A) 
2026-09-27T23:45:18.948365+00:00,history of japanese art,1,History of Japanese art 
2026-09-27T23:45:18.948365+00:00,history of japanese art,2,History of Japanese art 
2026-09-27T23:45:18.948365+00:00,history of japanese art,3,"History of Japanese art after 1945 : institutions, discourses, practice "
2026-09-27T23:45:18.948365+00:00,history of japanese art,4,A history of Japanese art  : from prehistory to the Taisho period 
2026-09-27T23:45:18.948365+00:00,history of japanese art,5,A concise history of Japanese art 
2026-09-27T23:57:30.669023+00:00,science,1,Science.
2026-09-27T23:57:30.669023+00:00,science,2,Science
2026-09-27T23:57:30.669023+00:00,science,3,Science.
2026-09-27T23:57:30.669023+00:00,science,4,Science 
2026-09-27T23:57:30.669023+00:00,science,5,Science 
2026-09-28T00:00:31.149707+00:00,maryland history,1,Maryland history 
2026-09-28T00:00:31.149707+00:00,maryland history,2,Women of achievement in Maryland history 
2026-09-28T00:00:31.149707+00:00,maryland history,3,Maryland history and culture bibliography.
2026-09-28T00:00:31.149707+00:00,maryland history,4,Maryland history notes.
2026-09-28T00:00:31.149707+00:00,maryland history,5,Highlights of Maryland history as presented in the Darnell Young People's Museum: on exhibit at the Maryland Historical Society.
2026-09-28T00:15:20.681365+00:00,linear algebra,1,Linear algebra 
2026-09-28T00:15:20.681365+00:00,linear algebra,2,Linear algebra 
2026-09-28T00:15:20.681365+00:00,linear algebra,3,Linear algebra
2026-09-28T00:15:20.681365+00:00,linear algebra,4,Linear algebra 
2026-09-28T00:15:20.681365+00:00,linear algebra,5,Linear algebra 
2026-09-28T00:30:23.075585+00:00,Migration and Labor 1900,1,"Tramps and trade-union travelers : internal migration and organized labor in Gilded Age America, 1870-1900 "
2026-09-28T00:30:23.075585+00:00,Migration and Labor 1900,2,Migration and Labor Market Adjustment 
2026-09-28T00:30:23.075585+00:00,Migration and Labor 1900,3,Working on labor : essays in honor of Jan Lucassen 
2026-09-28T00:30:23.075585+00:00,Migration and Labor 1900,4,Negro migration in 1916-17 
2026-09-28T00:30:23.075585+00:00,Migration and Labor 1900,5,"The genesis of international mass migration : the British case, 1750-1900 "
2026-09-28T00:45:19.913797+00:00,cats AND dogs,1,Scientific and humane issues in the use of random source dogs and cats in research 
2026-09-28T00:45:19.913797+00:00,cats AND dogs,2,Scientific and humane issues in the use of random source dogs and cats in research 
2026-09-28T00:45:19.913797+00:00,cats AND dogs,3,Sunday morning. Osgood short : like dogs and cats 
2026-09-28T00:45:19.913797+00:00,cats AND dogs,4,Cats : a history 
2026-09-28T00:45:19.913797+00:00,cats AND dogs,5,Deafness in dogs and cats 
2026-09-28T01:00:26.960861+00:00,saltwater encroachment AND climate change,1,Simulation of salinity intrusion along the Georgia and South Carolina coasts using climate-change scenarios 
2026-09-28T01:00:26.960861+00:00,saltwater encroachment AND climate change,2,Simulation of salinity intrusion along the Georgia and South Carolina coasts using climate-change scenarios 
2026-09-28T01:00:26.960861+00:00,saltwater encroachment AND climate change,3,"Simulation of water-table and freshwater/saltwater interface response to climate-change-driven sea-level rise and changes in recharge at Fire Island National Seashore, New York "
2026-09-28T01:00:26.960861+00:00,saltwater encroachment AND climate change,4,"Simulation of water-table and freshwater/saltwater interface response to climate-change-driven sea-level rise and changes in recharge at Fire Island National Seashore, New York "
2026-09-28T01:00:26.960861+00:00,saltwater encroachment AND climate change,5,Sudden spring : stories of adaptation in a climate-changed South 
2026-09-28T01:15:20.682089+00:00,project management AND software,1,Project management 
2026-09-28T01:15:20.682089+00:00,project management AND software,2,The project management tool kit : 100 tips and techniques for getting the job done right 
2026-09-28T01:15:20.682089+00:00,project management AND software,3,Project management : case studies 
2026-09-28T01:15:20.682089+00:00,project management AND software,4,Painless project management with FogBugz
2026-09-28T01:15:20.682089+00:00,project management AND software,5,Adaptable project management : a combination of agile and project management for All (PM4A) 
2026-09-28T01:30:26.045043+00:00,history of japanese art,1,History of Japanese art 
2026-09-28T01:30:26.045043+00:00,history of japanese art,2,History of Japanese art 
2026-09-28T01:30:26.045043+00:00,history of japanese art,3,"History of Japanese art after 1945 : institutions, discourses, practice "
2026-09-28T01:30:26.045043+00:00,history of japanese art,4,A history of Japanese art  : from prehistory to the Taisho period 
2026-09-28T01:30:26.045043+00:00,history of japanese art,5,A concise history of Japanese art 
2026-09-28T01:45:18.651801+00:00,science,1,Science.
2026-09-28T01:45:18.651801+00:00,science,2,Science
2026-09-28T01:45:18.651801+00:00,science,3,Science.
2026-09-28T01:45:18.651801+00:00,science,4,Science 
2026-09-28T01:45:18.651801+00:00,science,5,Science 
2026-09-28T02:00:28.086702+00:00,maryland history,1,Maryland history 
2026-09-28T02:00:28.086702+00:00,maryland history,2,Women of achievement in Maryland history 
2026-09-28T02:00:28.086702+00:00,maryland history,3,Maryland history and culture bibliography.
2026-09-28T02:00:28.086702+00:00,maryland history,4,Maryland history notes.
2026-09-28T02:00:28.086702+00:00,maryland history,5,Highlights of Maryland history as presented in the Darnell Young People's Museum: on exhibit at the Maryland Historical Society.
2026-09-28T02:15:19.530258+00:00,linear algebra,1,Linear algebra 
2026-09-28T02:15:19.530258+00:00,linear algebra,2,Linear algebra 
2026-09-28T02:15:19.530258+00:00,linear algebra,3,Linear algebra
2026-09-28T02:15:19.530258+00:00,linear algebra,4,Linear algebra 
2026-09-28T02:15:19.530258+00:00,linear algebra,5,Linear algebra 
2026-09-28T02:30:22.085016+00:00,Migration and Labor 1900,1,"Tramps and trade-union travelers : internal migration and organized labor in Gilded Age America, 1870-1900 "
2026-09-28T02:30:22.085016+00:00,Migration and Labor 1900,2,Migration and Labor Market Adjustment 
2026-09-28T02:30:22.085016+00:00,Migration and Labor 1900,3,Working on labor : essays in honor of Jan Lucassen 
2026-09-28T02:30:22.085016+00:00,Migration and Labor 1900,4,Negro migration in 1916-17 
2026-09-28T02:30:22.085016+00:00,Migration and Labor 1900,5,"The genesis of international mass migration : the British case, 1750-1900 "
2026-09-28T02:45:17.394606+00:00,cats AND dogs,1,Scientific and humane issues in the use of random source dogs and cats in research 
2026-09-28T02:45:17.394606+00:00,cats AND dogs,2,Scientific and humane issues in the use of random source dogs and cats in research 
2026-09-28T02:45:17.394606+00:00,cats AND dogs,3,Sunday morning. Osgood short : like dogs and cats 
2026-09-28T02:45:17.394606+00:00,cats AND dogs,4,Cats : a history 
2026-09-28T02:45:17.394606+00:00,cats AND dogs,5,Deafness in dogs and cats 
2026-09-28T03:00:26.579301+00:00,saltwater encroachment AND climate change,1,Simulation of salinity intrusion along the Georgia and South Carolina coasts using climate-change scenarios 
2026-09-28T03:00:26.579301+00:00,saltwater encroachment AND climate change,2,Simulation of salinity intrusion along the Georgia and South Carolina coasts using climate-change scenarios 
2026-09-28T03:00:26.579301+00:00,saltwater encroachment AND climate change,3,"Simulation of water-table and freshwater/saltwater interface response to climate-change-driven sea-level rise and changes in recharge at Fire Island National Seashore, New York "
2026-09-28T03:00:26.579301+00:00,saltwater encroachment AND climate change,4,"Simulation of water-table and freshwater/saltwater interface response to climate-change-driven sea-level rise and changes in recharge at Fire Island National Seashore, New York "
2026-09-28T03:00:26.579301+00:00,saltwater encroachment AND climate change,5,Sudden spring : stories of adaptation in a climate-changed South 
2026-09-28T03:15:21.507074+00:00,project management AND software,1,Project management 
2026-09-28T03:15:21.507074+00:00,project management AND software,2,The project management tool kit : 100 tips and techniques for getting the job done right 
2026-09-28T03:15:21.507074+00:00,project management AND software,3,Project management : case studies 
2026-09-28T03:15:21.507074+00:00,project management AND software,4,Painless project management with FogBugz
2026-09-28T03:15:21.507074+00:00,project management AND software,5,Adaptable project management : a combination of agile and project management for All (PM4A) 
2026-09-28T03:30:22.011325+00:00,history of japanese art,1,History of Japanese art 
2026-09-28T03:30:22.011325+00:00,history of japanese art,2,History of Japanese art 
2026-09-28T03:30:22.011325+00:00,history of japanese art,3,"History of Japanese art after 1945 : institutions, discourses, practice "
2026-09-28T03:30:22.011325+00:00,history of japanese art,4,A history of Japanese art  : from prehistory to the Taisho period 
2026-09-28T03:30:22.011325+00:00,history of japanese art,5,A concise history of Japanese art 
2026-09-28T03:35:21.166331+00:00,science,1,Science.
2026-09-28T03:35:21.166331+00:00,science,2,Science
2026-09-28T03:35:21.166331+00:00,science,3,Science.
2026-09-28T03:35:21.166331+00:00,science,4,Science 
2026-09-28T03:35:21.166331+00:00,science,5,Science 
2026-09-28T03:45:22.366970+00:00,maryland history,1,Maryland history 
2026-09-28T03:45:22.366970+00:00,maryland history,2,Women of achievement in Maryland history 
2026-09-28T03:45:22.366970+00:00,maryland history,3,Maryland history and culture bibliography.
2026-09-28T03:45:22.366970+00:00,maryland history,4,Maryland history notes.
2026-09-28T03:45:22.366970+00:00,maryland history,5,Highlights of Maryland history as presented in the Darnell Young People's Museum: on exhibit at the Maryland Historical Society.
2026-09-28T04:00:30.509495+00:00,linear algebra,1,Linear algebra 
2026-09-28T04:00:30.509495+00:00,linear algebra,2,Linear algebra 
2026-09-28T04:00:30.509495+00:00,linear algebra,3,Linear algebra
2026-09-28T04:00:30.509495+00:00,linear algebra,4,Linear algebra 
2026-09-28T04:00:30.509495+00:00,linear algebra,5,Linear algebra 
2026-09-28T04:15:22.447011+00:00,Migration and Labor 1900,1,"Tramps and trade-union travelers : internal migration and organized labor in Gilded Age America, 1870-1900 "
2026-09-28T04:15:22.447011+00:00,Migration and Labor 1900,2,Migration and Labor Market Adjustment 
2026-09-28T04:15:22.447011+00:00,Migration and Labor 1900,3,Working on labor : essays in honor of Jan Lucassen 
2026-09-28T04:15:22.447011+00:00,Migration and Labor 1900,4,Negro migration in 1916-17 
2026-09-28T04:15:22.447011+00:00,Migration and Labor 1900,5,"The genesis of international mass migration : the British case, 1750-1900 "
2026-09-28T04:30:31.136621+00:00,cats AND dogs,1,Scientific and humane issues in the use of random source dogs and cats in research 
2026-09-28T04:30:31.136621+00:00,cats AND dogs,2,Scientific and humane issues in the use of random source dogs and cats in research 
2026-09-28T04:30:31.136621+00:00,cats AND dogs,3,Sunday morning. Osgood short : like dogs and cats 
2026-09-28T04:30:31.136621+00:00,cats AND dogs,4,Cats : a history 
2026-09-28T04:30:31.136621+00:00,cats AND dogs,5,Deafness in dogs and cats 
2026-09-28T04:45:20.630443+00:00,saltwater encroachment AND climate change,1,Simulation of salinity intrusion along the Georgia and South Carolina coasts using climate-change scenarios 
2026-09-28T04:45:20.630443+00:00,saltwater encroachment AND climate change,2,Simulation of salinity intrusion along the Georgia and South Carolina coasts using climate-change scenarios 
2026-09-28T04:45:20.630443+00:00,saltwater encroachment AND climate change,3,"Simulation of water-table and freshwater/saltwater interface response to climate-change-driven sea-level rise and changes in recharge at Fire Island National Seashore, New York "
2026-09-28T04:45:20.630443+00:00,saltwater encroachment AND climate change,4,"Simulation of water-table and freshwater/saltwater interface response to climate-change-driven sea-level rise and changes in recharge at Fire Island National Seashore, New York "
2026-09-28T04:45:20.630443+00:00,saltwater encroachment AND climate change,5,Sudden spring : stories of adaptation in a climate-changed South 
2026-09-28T05:00:27.486543+00:00,project management AND software,1,Project management 
2026-09-28T05:00:27.486543+00:00,project management AND software,2,The project management tool kit : 100 tips and techniques for getting the job done right 
2026-09-28T05:00:27.486543+00:00,project management AND software,3,Project management : case studies 
2026-09-28T05:00:27.486543+00:00,project management AND software,4,Painless project management with FogBugz
2026-09-28T05:00:27.486543+00:00,project management AND software,5,Adaptable project management : a combination of agile and project management for All (PM4A) 
2026-09-28T05:15:22.786624+00:00,history of japanese art,1,History of Japanese art 
2026-09-28T05:15:22.786624+00:00,history of japanese art,2,History of Japanese art 
2026-09-28T05:15:22.786624+00:00,history of japanese art,3,"History of Japanese art after 1945 : institutions, discourses, practice "
2026-09-28T05:15:22.786624+00:00,history of japanese art,4,A history of Japanese art  : from prehistory to the Taisho period 
2026-09-28T05:15:22.786624+00:00,history of japanese art,5,A concise history of Japanese art 
2026-09-28T05:30:27.006021+00:00,science,1,Science.
2026-09-28T05:30:27.006021+00:00,science,2,Science
2026-09-28T05:30:27.006021+00:00,science,3,Science.
2026-09-28T05:30:27.006021+00:00,science,4,Science 
2026-09-28T05:30:27.006021+00:00,science,5,Science 
2026-09-28T05:45:20.131164+00:00,maryland history,1,Maryland history 
2026-09-28T05:45:20.131164+00:00,maryland history,2,Women of achievement in Maryland history 
2026-09-28T05:45:20.131164+00:00,maryland history,3,Maryland history and culture bibliography.
2026-09-28T05:45:20.131164+00:00,maryland history,4,Maryland history notes.
2026-09-28T05:45:20.131164+00:00,maryland history,5,Highlights of Maryland history as presented in the Darnell Young People's Museum: on exhibit at the Maryland Historical Society.
2026-09-28T06:00:32.197224+00:00,linear algebra,1,Linear algebra 
2026-09-28T06:00:32.197224+00:00,linear algebra,2,Linear algebra 
2026-09-28T06:00:32.197224+00:00,linear algebra,3,Linear algebra
2026-09-28T06:00:32.197224+00:00,linear algebra,4,Linear algebra 
2026-09-28T06:00:32.197224+00:00,linear algebra,5,Linear algebra 
2026-09-28T06:15:21.576364+00:00,Migration and Labor 1900,1,"Tramps and trade-union travelers : internal migration and organized labor in Gilded Age America, 1870-1900 "
2026-09-28T06:15:21.576364+00:00,Migration and Labor 1900,2,Migration and Labor Market Adjustment 
2026-09-28T06:15:21.576364+00:00,Migration and Labor 1900,3,Working on labor : essays in honor of Jan Lucassen 
2026-09-28T06:15:21.576364+00:00,Migration and Labor 1900,4,Negro migration in 1916-17 
2026-09-28T06:15:21.576364+00:00,Migration and Labor 1900,5,"The genesis of international mass migration : the British case, 1750-1900 "
2026-09-28T06:30:26.107884+00:00,cats AND dogs,1,Scientific and humane issues in the use of random source dogs and cats in research 
2026-09-28T06:30:26.107884+00:00,cats AND dogs,2,Scientific and humane issues in the use of random source dogs and cats in research 
2026-09-28T06:30:26.107884+00:00,cats AND dogs,3,Sunday morning. Osgood short : like dogs and cats 
2026-09-28T06:30:26.107884+00:00,cats AND dogs,4,Cats : a history 
2026-09-28T06:30:26.107884+00:00,cats AND dogs,5,Deafness in dogs and cats 
2026-09-28T06:45:23.186615+00:00,saltwater encroachment AND climate change,1,Simulation of salinity intrusion along the Georgia and South Carolina coasts using climate-change scenarios 
2026-09-28T06:45:23.186615+00:00,saltwater encroachment AND climate change,2,Simulation of salinity intrusion along the Georgia and South Carolina coasts using climate-change scenarios 
2026-09-28T06:45:23.186615+00:00,saltwater encroachment AND climate change,3,"Simulation of water-table and freshwater/saltwater interface response to climate-change-driven sea-level rise and changes in recharge at Fire Island National Seashore, New York "
2026-09-28T06:45:23.186615+00:00,saltwater encroachment AND climate change,4,"Simulation of water-table and freshwater/saltwater interface response to climate-change-driven sea-level rise and changes in recharge at Fire Island National Seashore, New York "
2026-09-28T06:45:23.186615+00:00,saltwater encroachment AND climate change,5,Sudden spring : stories of adaptation in a climate-changed South 
2026-09-28T07:00:27.728332+00:00,project management AND software,1,Project management 
2026-09-28T07:00:27.728332+00:00,project management AND software,2,The project management tool kit : 100 tips and techniques for getting the job done right 
2026-09-28T07:00:27.728332+00:00,project management AND software,3,Project management : case studies 
2026-09-28T07:00:27.728332+00:00,project management AND software,4,Painless project management with FogBugz
2026-09-28T07:00:27.728332+00:00,project management AND software,5,Adaptable project management : a combination of agile and project management for All (PM4A) 
2026-09-28T07:15:20.761846+00:00,history of japanese art,1,History of Japanese art 
2026-09-28T07:15:20.761846+00:00,history of japanese art,2,History of Japanese art 
2026-09-28T07:15:20.761846+00:00,history of japanese art,3,"History of Japanese art after 1945 : institutions, discourses, practice "
2026-09-28T07:15:20.761846+00:00,history of japanese art,4,A history of Japanese art  : from prehistory to the Taisho period 
2026-09-28T07:15:20.761846+00:00,history of japanese art,5,A concise history of Japanese art 
2026-09-28T07:30:25.829066+00:00,science,1,Science.
2026-09-28T07:30:25.829066+00:00,science,2,Science
2026-09-28T07:30:25.829066+00:00,science,3,Science.
2026-09-28T07:30:25.829066+00:00,science,4,Science 
2026-09-28T07:30:25.829066+00:00,science,5,Science 
2026-09-28T07:45:26.999119+00:00,maryland history,1,Maryland history 
2026-09-28T07:45:26.999119+00:00,maryland history,2,Women of achievement in Maryland history 
2026-09-28T07:45:26.999119+00:00,maryland history,3,Maryland history and culture bibliography.
2026-09-28T07:45:26.999119+00:00,maryland history,4,Maryland history notes.
2026-09-28T07:45:26.999119+00:00,maryland history,5,Highlights of Maryland history as presented in the Darnell Young People's Museum: on exhibit at the Maryland Historical Society.
2026-09-28T08:00:36.630285+00:00,linear algebra,1,Linear algebra 
2026-09-28T08:00:36.630285+00:00,linear algebra,2,Linear algebra 
2026-09-28T08:00:36.630285+00:00,linear algebra,3,Linear algebra
2026-09-28T08:00:36.630285+00:00,linear algebra,4,Linear algebra 
2026-09-28T08:00:36.630285+00:00,linear algebra,5,Linear algebra 
2026-09-28T08:15:23.962929+00:00,Migration and Labor 1900,1,"Tramps and trade-union travelers : internal migration and organized labor in Gilded Age America, 1870-1900 "
2026-09-28T08:15:23.962929+00:00,Migration and Labor 1900,2,Migration and Labor Market Adjustment 
2026-09-28T08:15:23.962929+00:00,Migration and Labor 1900,3,Working on labor : essays in honor of Jan Lucassen 
2026-09-28T08:15:23.962929+00:00,Migration and Labor 1900,4,Negro migration in 1916-17 
2026-09-28T08:15:23.962929+00:00,Migration and Labor 1900,5,"The genesis of international mass migration : the British case, 1750-1900 "
2026-09-28T08:30:24.871156+00:00,cats AND dogs,1,Scientific and humane issues in the use of random source dogs and cats in research 
2026-09-28T08:30:24.871156+00:00,cats AND dogs,2,Scientific and humane issues in the use of random source dogs and cats in research 
2026-09-28T08:30:24.871156+00:00,cats AND dogs,3,Sunday morning. Osgood short : like dogs and cats 
2026-09-28T08:30:24.871156+00:00,cats AND dogs,4,Cats : a history 
2026-09-28T08:30:24.871156+00:00,cats AND dogs,5,Deafness in dogs and cats 
2026-09-28T08:45:21.027069+00:00,saltwater encroachment AND climate change,1,Simulation of salinity intrusion along the Georgia and South Carolina coasts using climate-change scenarios 
2026-09-28T08:45:21.027069+00:00,saltwater encroachment AND climate change,2,Simulation of salinity intrusion along the Georgia and South Carolina coasts using climate-change scenarios 
2026-09-28T08:45:21.027069+00:00,saltwater encroachment AND climate change,3,"Simulation of water-table and freshwater/saltwater interface response to climate-change-driven sea-level rise and changes in recharge at Fire Island National Seashore, New York "
2026-09-28T08:45:21.027069+00:00,saltwater encroachment AND climate change,4,"Simulation of water-table and freshwater/saltwater interface response to climate-change-driven sea-level rise and changes in recharge at Fire Island National Seashore, New York "
2026-09-28T08:45:21.027069+00:00,saltwater encroachment AND climate change,5,Sudden spring : stories of adaptation in a climate-changed South 
2026-09-28T09:00:29.045298+00:00,project management AND software,1,Project management 
2026-09-28T09:00:29.045298+00:00,project management AND software,2,The project management tool kit : 100 tips and techniques for getting the job done right 
2026-09-28T09:00:29.045298+00:00,project management AND software,3,Project management : case studies 
2026-09-28T09:00:29.045298+00:00,project management AND software,4,Painless project management with FogBugz
2026-09-28T09:00:29.045298+00:00,project management AND software,5,Adaptable project management : a combination of agile and project management for All (PM4A) 
2026-09-28T09:15:20.014328+00:00,history of japanese art,1,History of Japanese art 
2026-09-28T09:15:20.014328+00:00,history of japanese art,2,History of Japanese art 
2026-09-28T09:15:20.014328+00:00,history of japanese art,3,"History of Japanese art after 1945 : institutions, discourses, practice "
2026-09-28T09:15:20.014328+00:00,history of japanese art,4,A history of Japanese art  : from prehistory to the Taisho period 
2026-09-28T09:15:20.014328+00:00,history of japanese art,5,A concise history of Japanese art 
2026-09-28T09:30:24.058116+00:00,science,1,Science.
2026-09-28T09:30:24.058116+00:00,science,2,Science
2026-09-28T09:30:24.058116+00:00,science,3,Science.
2026-09-28T09:30:24.058116+00:00,science,4,Science 
2026-09-28T09:30:24.058116+00:00,science,5,Science 
2026-09-28T09:45:23.160381+00:00,maryland history,1,Maryland history 
2026-09-28T09:45:23.160381+00:00,maryland history,2,Women of achievement in Maryland history 
2026-09-28T09:45:23.160381+00:00,maryland history,3,Maryland history and culture bibliography.
2026-09-28T09:45:23.160381+00:00,maryland history,4,Maryland history notes.
2026-09-28T09:45:23.160381+00:00,maryland history,5,Highlights of Maryland history as presented in the Darnell Young People's Museum: on exhibit at the Maryland Historical Society.
2026-09-28T10:00:27.380422+00:00,linear algebra,1,Linear algebra 
2026-09-28T10:00:27.380422+00:00,linear algebra,2,Linear algebra 
2026-09-28T10:00:27.380422+00:00,linear algebra,3,Linear algebra
2026-09-28T10:00:27.380422+00:00,linear algebra,4,Linear algebra 
2026-09-28T10:00:27.380422+00:00,linear algebra,5,Linear algebra 
2026-09-28T10:09:29.383780+00:00,Migration and Labor 1900,1,"Tramps and trade-union travelers : internal migration and organized labor in Gilded Age America, 1870-1900 "
2026-09-28T10:09:29.383780+00:00,Migration and Labor 1900,2,Migration and Labor Market Adjustment 
2026-09-28T10:09:29.383780+00:00,Migration and Labor 1900,3,Working on labor : essays in honor of Jan Lucassen 
2026-09-28T10:09:29.383780+00:00,Migration and Labor 1900,4,Negro migration in 1916-17 
2026-09-28T10:09:29.383780+00:00,Migration and Labor 1900,5,"The genesis of international mass migration : the British case, 1750-1900 "
2026-09-28T10:15:22.812555+00:00,cats AND dogs,1,Scientific and humane issues in the use of random source dogs and cats in research 
2026-09-28T10:15:22.812555+00:00,cats AND dogs,2,Scientific and humane issues in the use of random source dogs and cats in research 
2026-09-28T10:15:22.812555+00:00,cats AND dogs,3,Sunday morning. Osgood short : like dogs and cats 
2026-09-28T10:15:22.812555+00:00,cats AND dogs,4,Cats : a history 
2026-09-28T10:15:22.812555+00:00,cats AND dogs,5,Deafness in dogs and cats 
2026-09-28T10:30:23.586385+00:00,saltwater encroachment AND climate change,1,Simulation of salinity intrusion along the Georgia and South Carolina coasts using climate-change scenarios 
2026-09-28T10:30:23.586385+00:00,saltwater encroachment AND climate change,2,Simulation of salinity intrusion along the Georgia and South Carolina coasts using climate-change scenarios 
2026-09-28T10:30:23.586385+00:00,saltwater encroachment AND climate change,3,"Simulation of water-table and freshwater/saltwater interface response to climate-change-driven sea-level rise and changes in recharge at Fire Island National Seashore, New York "
2026-09-28T10:30:23.586385+00:00,saltwater encroachment AND climate change,4,"Simulation of water-table and freshwater/saltwater interface response to climate-change-driven sea-level rise and changes in recharge at Fire Island National Seashore, New York "
2026-09-28T10:30:23.586385+00:00,saltwater encroachment AND climate change,5,Sudden spring : stories of adaptation in a climate-changed South 
2026-09-28T10:45:22.249395+00:00,project management AND software,1,Project management 
2026-09-28T10:45:22.249395+00:00,project management AND software,2,The project management tool kit : 100 tips and techniques for getting the job done right 
2026-09-28T10:45:22.249395+00:00,project management AND software,3,Project management : case studies 
2026-09-28T10:45:22.249395+00:00,project management AND software,4,Painless project management with FogBugz
2026-09-28T10:45:22.249395+00:00,project management AND software,5,Adaptable project management : a combination of agile and project management for All (PM4A) 
2026-09-28T11:00:28.154244+00:00,history of japanese art,1,History of Japanese art 
2026-09-28T11:00:28.154244+00:00,history of japanese art,2,History of Japanese art 
2026-09-28T11:00:28.154244+00:00,history of japanese art,3,"History of Japanese art after 1945 : institutions, discourses, practice "
2026-09-28T11:00:28.154244+00:00,history of japanese art,4,A history of Japanese art  : from prehistory to the Taisho period 
2026-09-28T11:00:28.154244+00:00,history of japanese art,5,A concise history of Japanese art 
2026-09-28T11:15:23.546313+00:00,science,1,Science.
2026-09-28T11:15:23.546313+00:00,science,2,Science
2026-09-28T11:15:23.546313+00:00,science,3,Science.
2026-09-28T11:15:23.546313+00:00,science,4,Science 
2026-09-28T11:15:23.546313+00:00,science,5,Science 
2026-09-28T11:30:26.059630+00:00,maryland history,1,Maryland history 
2026-09-28T11:30:26.059630+00:00,maryland history,2,Women of achievement in Maryland history 
2026-09-28T11:30:26.059630+00:00,maryland history,3,Maryland history and culture bibliography.
2026-09-28T11:30:26.059630+00:00,maryland history,4,Maryland history notes.
2026-09-28T11:30:26.059630+00:00,maryland history,5,Highlights of Maryland history as presented in the Darnell Young People's Museum: on exhibit at the Maryland Historical Society.
2026-09-28T11:45:21.229114+00:00,linear algebra,1,Linear algebra 
2026-09-28T11:45:21.229114+00:00,linear algebra,2,Linear algebra 
2026-09-28T11:45:21.229114+00:00,linear algebra,3,Linear algebra
2026-09-28T11:45:21.229114+00:00,linear algebra,4,Linear algebra 
2026-09-28T11:45:21.229114+00:00,linear algebra,5,Linear algebra 
2026-09-28T12:00:32.668168+00:00,Migration and Labor 1900,1,"Tramps and trade-union travelers : internal migration and organized labor in Gilded Age America, 1870-1900 "
2026-09-28T12:00:32.668168+00:00,Migration and Labor 1900,2,Migration and Labor Market Adjustment 
2026-09-28T12:00:32.668168+00:00,Migration and Labor 1900,3,Working on labor : essays in honor of Jan Lucassen 
2026-09-28T12:00:32.668168+00:00,Migration and Labor 1900,4,Negro migration in 1916-17 
2026-09-28T12:00:32.668168+00:00,Migration and Labor 1900,5,"The genesis of international mass migration : the British case, 1750-1900 "
2026-09-28T12:15:20.874946+00:00,cats AND dogs,1,Scientific and humane issues in the use of random source dogs and cats in research 
2026-09-28T12:15:20.874946+00:00,cats AND dogs,2,Scientific and humane issues in the use of random source dogs and cats in research 
2026-09-28T12:15:20.874946+00:00,cats AND dogs,3,Sunday morning. Osgood short : like dogs and cats 
2026-09-28T12:15:20.874946+00:00,cats AND dogs,4,Cats : a history 
2026-09-28T12:15:20.874946+00:00,cats AND dogs,5,Deafness in dogs and cats 
2026-09-28T12:30:26.000209+00:00,saltwater encroachment AND climate change,1,Simulation of salinity intrusion along the Georgia and South Carolina coasts using climate-change scenarios 
2026-09-28T12:30:26.000209+00:00,saltwater encroachment AND climate change,2,Simulation of salinity intrusion along the Georgia and South Carolina coasts using climate-change scenarios 
2026-09-28T12:30:26.000209+00:00,saltwater encroachment AND climate change,3,"Simulation of water-table and freshwater/saltwater interface response to climate-change-driven sea-level rise and changes in recharge at Fire Island National Seashore, New York "
2026-09-28T12:30:26.000209+00:00,saltwater encroachment AND climate change,4,"Simulation of water-table and freshwater/saltwater interface response to climate-change-driven sea-level rise and changes in recharge at Fire Island National Seashore, New York "
2026-09-28T12:30:26.000209+00:00,saltwater encroachment AND climate change,5,Sudden spring : stories of adaptation in a climate-changed South 
2026-09-28T12:45:19.494137+00:00,project management AND software,1,Project management 
2026-09-28T12:45:19.494137+00:00,project management AND software,2,The project management tool kit : 100 tips and techniques for getting the job done right 
2026-09-28T12:45:19.494137+00:00,project management AND software,3,Project management : case studies 
2026-09-28T12:45:19.494137+00:00,project management AND software,4,Painless project management with FogBugz
2026-09-28T12:45:19.494137+00:00,project management AND software,5,Adaptable project management : a combination of agile and project management for All (PM4A) 
2026-09-28T13:00:32.601870+00:00,history of japanese art,1,History of Japanese art 
2026-09-28T13:00:32.601870+00:00,history of japanese art,2,History of Japanese art 
2026-09-28T13:00:32.601870+00:00,history of japanese art,3,"History of Japanese art after 1945 : institutions, discourses, practice "
2026-09-28T13:00:32.601870+00:00,history of japanese art,4,A history of Japanese art  : from prehistory to the Taisho period 
2026-09-28T13:00:32.601870+00:00,history of japanese art,5,A concise history of Japanese art 
2026-09-28T13:15:20.772245+00:00,science,1,Science.
2026-09-28T13:15:20.772245+00:00,science,2,Science
2026-09-28T13:15:20.772245+00:00,science,3,Science.
2026-09-28T13:15:20.772245+00:00,science,4,Science 
2026-09-28T13:15:20.772245+00:00,science,5,Science 
2026-09-28T13:30:28.008861+00:00,maryland history,1,Maryland history 
2026-09-28T13:30:28.008861+00:00,maryland history,2,Women of achievement in Maryland history 
2026-09-28T13:30:28.008861+00:00,maryland history,3,Maryland history and culture bibliography.
2026-09-28T13:30:28.008861+00:00,maryland history,4,Maryland history notes.
2026-09-28T13:30:28.008861+00:00,maryland history,5,Highlights of Maryland history as presented in the Darnell Young People's Museum: on exhibit at the Maryland Historical Society.
2026-09-28T13:45:23.060624+00:00,linear algebra,1,Linear algebra 
2026-09-28T13:45:23.060624+00:00,linear algebra,2,Linear algebra 
2026-09-28T13:45:23.060624+00:00,linear algebra,3,Linear algebra
2026-09-28T13:45:23.060624+00:00,linear algebra,4,Linear algebra 
2026-09-28T13:45:23.060624+00:00,linear algebra,5,Linear algebra 
2026-09-28T14:00:30.780536+00:00,Migration and Labor 1900,1,"Tramps and trade-union travelers : internal migration and organized labor in Gilded Age America, 1870-1900 "
2026-09-28T14:00:30.780536+00:00,Migration and Labor 1900,2,Migration and Labor Market Adjustment 
2026-09-28T14:00:30.780536+00:00,Migration and Labor 1900,3,Working on labor : essays in honor of Jan Lucassen 
2026-09-28T14:00:30.780536+00:00,Migration and Labor 1900,4,Negro migration in 1916-17 
2026-09-28T14:00:30.780536+00:00,Migration and Labor 1900,5,"The genesis of international mass migration : the British case, 1750-1900 "
2026-09-28T14:15:22.729145+00:00,cats AND dogs,1,Scientific and humane issues in the use of random source dogs and cats in research 
2026-09-28T14:15:22.729145+00:00,cats AND dogs,2,Scientific and humane issues in the use of random source dogs and cats in research 
2026-09-28T14:15:22.729145+00:00,cats AND dogs,3,Sunday morning. Osgood short : like dogs and cats 
2026-09-28T14:15:22.729145+00:00,cats AND dogs,4,Cats : a history 
2026-09-28T14:15:22.729145+00:00,cats AND dogs,5,Deafness in dogs and cats 
2026-09-28T14:30:28.395929+00:00,saltwater encroachment AND climate change,1,Simulation of salinity intrusion along the Georgia and South Carolina coasts using climate-change scenarios 
2026-09-28T14:30:28.395929+00:00,saltwater encroachment AND climate change,2,Simulation of salinity intrusion along the Georgia and South Carolina coasts using climate-change scenarios 
2026-09-28T14:30:28.395929+00:00,saltwater encroachment AND climate change,3,"Simulation of water-table and freshwater/saltwater interface response to climate-change-driven sea-level rise and changes in recharge at Fire Island National Seashore, New York "
2026-09-28T14:30:28.395929+00:00,saltwater encroachment AND climate change,4,"Simulation of water-table and freshwater/saltwater interface response to climate-change-driven sea-level rise and changes in recharge at Fire Island National Seashore, New York "
2026-09-28T14:30:28.395929+00:00,saltwater encroachment AND climate change,5,Sudden spring : stories of adaptation in a climate-changed South 
2026-09-28T14:45:22.105887+00:00,project management AND software,1,Project management 
2026-09-28T14:45:22.105887+00:00,project management AND software,2,The project management tool kit : 100 tips and techniques for getting the job done right 
2026-09-28T14:45:22.105887+00:00,project management AND software,3,Project management : case studies 
2026-09-28T14:45:22.105887+00:00,project management AND software,4,Painless project management with FogBugz
2026-09-28T14:45:22.105887+00:00,project management AND software,5,Adaptable project management : a combination of agile and project management for All (PM4A) 
2026-09-28T15:00:34.020470+00:00,history of japanese art,1,History of Japanese art 
2026-09-28T15:00:34.020470+00:00,history of japanese art,2,History of Japanese art 
2026-09-28T15:00:34.020470+00:00,history of japanese art,3,"History of Japanese art after 1945 : institutions, discourses, practice "
2026-09-28T15:00:34.020470+00:00,history of japanese art,4,A history of Japanese art  : from prehistory to the Taisho period 
2026-09-28T15:00:34.020470+00:00,history of japanese art,5,A concise history of Japanese art 
2026-09-28T15:15:22.494681+00:00,science,1,Science.
2026-09-28T15:15:22.494681+00:00,science,2,Science
2026-09-28T15:15:22.494681+00:00,science,3,Science.
2026-09-28T15:15:22.494681+00:00,science,4,Science 
2026-09-28T15:15:22.494681+00:00,science,5,Science 
2026-09-28T15:30:26.610942+00:00,maryland history,1,Maryland history 
2026-09-28T15:30:26.610942+00:00,maryland history,2,Women of achievement in Maryland history 
2026-09-28T15:30:26.610942+00:00,maryland history,3,Maryland history and culture bibliography.
2026-09-28T15:30:26.610942+00:00,maryland history,4,Maryland history notes.
2026-09-28T15:30:26.610942+00:00,maryland history,5,Highlights of Maryland history as presented in the Darnell Young People's Museum: on exhibit at the Maryland Historical Society.
2026-09-28T15:45:20.977930+00:00,linear algebra,1,Linear algebra 
2026-09-28T15:45:20.977930+00:00,linear algebra,2,Linear algebra 
2026-09-28T15:45:20.977930+00:00,linear algebra,3,Linear algebra
2026-09-28T15:45:20.977930+00:00,linear algebra,4,Linear algebra 
2026-09-28T15:45:20.977930+00:00,linear algebra,5,Linear algebra 
2026-09-28T16:00:33.105708+00:00,Migration and Labor 1900,1,"Tramps and trade-union travelers : internal migration and organized labor in Gilded Age America, 1870-1900 "
2026-09-28T16:00:33.105708+00:00,Migration and Labor 1900,2,Migration and Labor Market Adjustment 
2026-09-28T16:00:33.105708+00:00,Migration and Labor 1900,3,Working on labor : essays in honor of Jan Lucassen 
2026-09-28T16:00:33.105708+00:00,Migration and Labor 1900,4,Negro migration in 1916-17 
2026-09-28T16:00:33.105708+00:00,Migration and Labor 1900,5,"The genesis of international mass migration : the British case, 1750-1900 "
2026-09-28T16:15:25.763452+00:00,cats AND dogs,1,Scientific and humane issues in the use of random source dogs and cats in research 
2026-09-28T16:15:25.763452+00:00,cats AND dogs,2,Scientific and humane issues in the use of random source dogs and cats in research 
2026-09-28T16:15:25.763452+00:00,cats AND dogs,3,Sunday morning. Osgood short : like dogs and cats 
2026-09-28T16:15:25.763452+00:00,cats AND dogs,4,Cats : a history 
2026-09-28T16:15:25.763452+00:00,cats AND dogs,5,Deafness in dogs and cats 
2026-09-28T16:30:24.926341+00:00,saltwater encroachment AND climate change,1,Simulation of salinity intrusion along the Georgia and South Carolina coasts using climate-change scenarios 
2026-09-28T16:30:24.926341+00:00,saltwater encroachment AND climate change,2,Simulation of salinity intrusion along the Georgia and South Carolina coasts using climate-change scenarios 
2026-09-28T16:30:24.926341+00:00,saltwater encroachment AND climate change,3,"Simulation of water-table and freshwater/saltwater interface response to climate-change-driven sea-level rise and changes in recharge at Fire Island National Seashore, New York "
2026-09-28T16:30:24.926341+00:00,saltwater encroachment AND climate change,4,"Simulation of water-table and freshwater/saltwater interface response to climate-change-driven sea-level rise and changes in recharge at Fire Island National Seashore, New York "
2026-09-28T16:30:24.926341+00:00,saltwater encroachment AND climate change,5,Sudden spring : stories of adaptation in a climate-changed South 
2026-09-28T16:45:25.454342+00:00,project management AND software,1,Project management 
2026-09-28T16:45:25.454342+00:00,project management AND software,2,The project management tool kit : 100 tips and techniques for getting the job done right 
2026-09-28T16:45:25.454342+00:00,project management AND software,3,Project management : case studies 
2026-09-28T16:45:25.454342+00:00,project management AND software,4,Painless project management with FogBugz
2026-09-28T16:45:25.454342+00:00,project management AND software,5,Adaptable project management : a combination of agile and project management for All (PM4A) 
2026-09-28T17:00:29.956883+00:00,history of japanese art,1,History of Japanese art 
2026-09-28T17:00:29.956883+00:00,history of japanese art,2,History of Japanese art 
2026-09-28T17:00:29.956883+00:00,history of japanese art,3,"History of Japanese art after 1945 : institutions, discourses, practice "
2026-09-28T17:00:29.956883+00:00,history of japanese art,4,A history of Japanese art  : from prehistory to the Taisho period 
2026-09-28T17:00:29.956883+00:00,history of japanese art,5,A concise history of Japanese art 
2026-09-28T17:15:23.807929+00:00,science,1,Science.
2026-09-28T17:15:23.807929+00:00,science,2,Science
2026-09-28T17:15:23.807929+00:00,science,3,Science.
2026-09-28T17:15:23.807929+00:00,science,4,Science 
2026-09-28T17:15:23.807929+00:00,science,5,Science 
2026-09-28T17:30:28.693366+00:00,maryland history,1,Maryland history 
2026-09-28T17:30:28.693366+00:00,maryland history,2,Women of achievement in Maryland history 
2026-09-28T17:30:28.693366+00:00,maryland history,3,Maryland history and culture bibliography.
2026-09-28T17:30:28.693366+00:00,maryland history,4,Maryland history notes.
2026-09-28T17:30:28.693366+00:00,maryland history,5,Highlights of Maryland history as presented in the Darnell Young People's Museum: on exhibit at the Maryland Historical Society.
2026-09-28T17:45:20.802869+00:00,linear algebra,1,Linear algebra 
2026-09-28T17:45:20.802869+00:00,linear algebra,2,Linear algebra 
2026-09-28T17:45:20.802869+00:00,linear algebra,3,Linear algebra
2026-09-28T17:45:20.802869+00:00,linear algebra,4,Linear algebra 
2026-09-28T17:45:20.802869+00:00,linear algebra,5,Linear algebra 
2026-09-28T18:00:30.869671+00:00,Migration and Labor 1900,1,"Tramps and trade-union travelers : internal migration and organized labor in Gilded Age America, 1870-1900 "
2026-09-28T18:00:30.869671+00:00,Migration and Labor 1900,2,Migration and Labor Market Adjustment 
2026-09-28T18:00:30.869671+00:00,Migration and Labor 1900,3,Working on labor : essays in honor of Jan Lucassen 
2026-09-28T18:00:30.869671+00:00,Migration and Labor 1900,4,Negro migration in 1916-17 
2026-09-28T18:00:30.869671+00:00,Migration and Labor 1900,5,"The genesis of international mass migration : the British case, 1750-1900 "
2026-09-28T18:08:57.065631+00:00,cats AND dogs,1,Scientific and humane issues in the use of random source dogs and cats in research 
2026-09-28T18:08:57.065631+00:00,cats AND dogs,2,Scientific and humane issues in the use of random source dogs and cats in research 
2026-09-28T18:08:57.065631+00:00,cats AND dogs,3,Sunday morning. Osgood short : like dogs and cats 
2026-09-28T18:08:57.065631+00:00,cats AND dogs,4,Cats : a history 
2026-09-28T18:08:57.065631+00:00,cats AND dogs,5,Deafness in dogs and cats 
2026-09-28T18:15:22.139990+00:00,saltwater encroachment AND climate change,1,Simulation of salinity intrusion along the Georgia and South Carolina coasts using climate-change scenarios 
2026-09-28T18:15:22.139990+00:00,saltwater encroachment AND climate change,2,Simulation of salinity intrusion along the Georgia and South Carolina coasts using climate-change scenarios 
2026-09-28T18:15:22.139990+00:00,saltwater encroachment AND climate change,3,"Simulation of water-table and freshwater/saltwater interface response to climate-change-driven sea-level rise and changes in recharge at Fire Island National Seashore, New York "
2026-09-28T18:15:22.139990+00:00,saltwater encroachment AND climate change,4,"Simulation of water-table and freshwater/saltwater interface response to climate-change-driven sea-level rise and changes in recharge at Fire Island National Seashore, New York "
2026-09-28T18:15:22.139990+00:00,saltwater encroachment AND climate change,5,Sudden spring : stories of adaptation in a climate-changed South 
2026-09-28T18:30:28.123643+00:00,project management AND software,1,Project management 
2026-09-28T18:30:28.123643+00:00,project management AND software,2,The project management tool kit : 100 tips and techniques for getting the job done right 
2026-09-28T18:30:28.123643+00:00,project management AND software,3,Project management : case studies 
2026-09-28T18:30:28.123643+00:00,project management AND software,4,Painless project management with FogBugz
2026-09-28T18:30:28.123643+00:00,project management AND software,5,Adaptable project management : a combination of agile and project management for All (PM4A) 
2026-09-28T18:45:22.383539+00:00,history of japanese art,1,History of Japanese art 
2026-09-28T18:45:22.383539+00:00,history of japanese art,2,History of Japanese art 
2026-09-28T18:45:22.383539+00:00,history of japanese art,3,"History of Japanese art after 1945 : institutions, discourses, practice "
2026-09-28T18:45:22.383539+00:00,history of japanese art,4,A history of Japanese art  : from prehistory to the Taisho period 
2026-09-28T18:45:22.383539+00:00,history of japanese art,5,A concise history of Japanese art 
2026-09-28T19:00:34.105506+00:00,science,1,Science.
2026-09-28T19:00:34.105506+00:00,science,2,Science
2026-09-28T19:00:34.105506+00:00,science,3,Science.
2026-09-28T19:00:34.105506+00:00,science,4,Science 
2026-09-28T19:00:34.105506+00:00,science,5,Science 
2026-09-28T19:15:23.877123+00:00,maryland history,1,Maryland history 
2026-09-28T19:15:23.877123+00:00,maryland history,2,Women of achievement in Maryland history 
2026-09-28T19:15:23.877123+00:00,maryland history,3,Maryland history and culture bibliography.
2026-09-28T19:15:23.877123+00:00,maryland history,4,Maryland history notes.
2026-09-28T19:15:23.877123+00:00,maryland history,5,Highlights of Maryland history as presented in the Darnell Young People's Museum: on exhibit at the Maryland Historical Society.
2026-09-28T19:30:26.817193+00:00,linear algebra,1,Linear algebra 
2026-09-28T19:30:26.817193+00:00,linear algebra,2,Linear algebra 
2026-09-28T19:30:26.817193+00:00,linear algebra,3,Linear algebra
2026-09-28T19:30:26.817193+00:00,linear algebra,4,Linear algebra 
2026-09-28T19:30:26.817193+00:00,linear algebra,5,Linear algebra 
2026-09-28T19:45:24.516153+00:00,Migration and Labor 1900,1,"Tramps and trade-union travelers : internal migration and organized labor in Gilded Age America, 1870-1900 "
2026-09-28T19:45:24.516153+00:00,Migration and Labor 1900,2,Migration and Labor Market Adjustment 
2026-09-28T19:45:24.516153+00:00,Migration and Labor 1900,3,Working on labor : essays in honor of Jan Lucassen 
2026-09-28T19:45:24.516153+00:00,Migration and Labor 1900,4,Negro migration in 1916-17 
2026-09-28T19:45:24.516153+00:00,Migration and Labor 1900,5,"The genesis of international mass migration : the British case, 1750-1900 "
2026-09-28T20:00:30.815078+00:00,cats AND dogs,1,Scientific and humane issues in the use of random source dogs and cats in research 
2026-09-28T20:00:30.815078+00:00,cats AND dogs,2,Scientific and humane issues in the use of random source dogs and cats in research 
2026-09-28T20:00:30.815078+00:00,cats AND dogs,3,Sunday morning. Osgood short : like dogs and cats 
2026-09-28T20:00:30.815078+00:00,cats AND dogs,4,Cats : a history 
2026-09-28T20:00:30.815078+00:00,cats AND dogs,5,Deafness in dogs and cats 
2026-09-28T20:15:20.494324+00:00,saltwater encroachment AND climate change,1,Simulation of salinity intrusion along the Georgia and South Carolina coasts using climate-change scenarios 
2026-09-28T20:15:20.494324+00:00,saltwater encroachment AND climate change,2,Simulation of salinity intrusion along the Georgia and South Carolina coasts using climate-change scenarios 
2026-09-28T20:15:20.494324+00:00,saltwater encroachment AND climate change,3,"Simulation of water-table and freshwater/saltwater interface response to climate-change-driven sea-level rise and changes in recharge at Fire Island National Seashore, New York "
2026-09-28T20:15:20.494324+00:00,saltwater encroachment AND climate change,4,"Simulation of water-table and freshwater/saltwater interface response to climate-change-driven sea-level rise and changes in recharge at Fire Island National Seashore, New York "
2026-09-28T20:15:20.494324+00:00,saltwater encroachment AND climate change,5,Sudden spring : stories of adaptation in a climate-changed South 
2026-09-28T20:30:28.348565+00:00,project management AND software,1,Project management 
2026-09-28T20:30:28.348565+00:00,project management AND software,2,The project management tool kit : 100 tips and techniques for getting the job done right 
2026-09-28T20:30:28.348565+00:00,project management AND software,3,Project management : case studies 
2026-09-28T20:30:28.348565+00:00,project management AND software,4,Painless project management with FogBugz
2026-09-28T20:30:28.348565+00:00,project management AND software,5,Adaptable project management : a combination of agile and project management for All (PM4A) 
2026-09-28T20:45:21.130580+00:00,history of japanese art,1,History of Japanese art 
2026-09-28T20:45:21.130580+00:00,history of japanese art,2,History of Japanese art 
2026-09-28T20:45:21.130580+00:00,history of japanese art,3,"History of Japanese art after 1945 : institutions, discourses, practice "
2026-09-28T20:45:21.130580+00:00,history of japanese art,4,A history of Japanese art  : from prehistory to the Taisho period 
2026-09-28T20:45:21.130580+00:00,history of japanese art,5,A concise history of Japanese art 
2026-09-28T21:00:33.987294+00:00,science,1,Science.
2026-09-28T21:00:33.987294+00:00,science,2,Science
2026-09-28T21:00:33.987294+00:00,science,3,Science.
2026-09-28T21:00:33.987294+00:00,science,4,Science 
2026-09-28T21:00:33.987294+00:00,science,5,Science 
2026-09-28T21:15:21.427691+00:00,maryland history,1,Maryland history 
2026-09-28T21:15:21.427691+00:00,maryland history,2,Women of achievement in Maryland history 
2026-09-28T21:15:21.427691+00:00,maryland history,3,Maryland history and culture bibliography.
2026-09-28T21:15:21.427691+00:00,maryland history,4,Maryland history notes.
2026-09-28T21:15:21.427691+00:00,maryland history,5,Highlights of Maryland history as presented in the Darnell Young People's Museum: on exhibit at the Maryland Historical Society.
2026-09-28T21:30:30.009950+00:00,linear algebra,1,Linear algebra 
2026-09-28T21:30:30.009950+00:00,linear algebra,2,Linear algebra 
2026-09-28T21:30:30.009950+00:00,linear algebra,3,Linear algebra
2026-09-28T21:30:30.009950+00:00,linear algebra,4,Linear algebra 
2026-09-28T21:30:30.009950+00:00,linear algebra,5,Linear algebra 
2026-09-28T21:45:21.920859+00:00,Migration and Labor 1900,1,"Tramps and trade-union travelers : internal migration and organized labor in Gilded Age America, 1870-1900 "
2026-09-28T21:45:21.920859+00:00,Migration and Labor 1900,2,Migration and Labor Market Adjustment 
2026-09-28T21:45:21.920859+00:00,Migration and Labor 1900,3,Working on labor : essays in honor of Jan Lucassen 
2026-09-28T21:45:21.920859+00:00,Migration and Labor 1900,4,Negro migration in 1916-17 
2026-09-28T21:45:21.920859+00:00,Migration and Labor 1900,5,"The genesis of international mass migration : the British case, 1750-1900 "
2026-09-28T22:00:28.004867+00:00,cats AND dogs,1,Scientific and humane issues in the use of random source dogs and cats in research 
2026-09-28T22:00:28.004867+00:00,cats AND dogs,2,Scientific and humane issues in the use of random source dogs and cats in research 
2026-09-28T22:00:28.004867+00:00,cats AND dogs,3,Sunday morning. Osgood short : like dogs and cats 
2026-09-28T22:00:28.004867+00:00,cats AND dogs,4,Cats : a history 
2026-09-28T22:00:28.004867+00:00,cats AND dogs,5,Deafness in dogs and cats 
2026-09-28T22:15:21.385898+00:00,saltwater encroachment AND climate change,1,Simulation of salinity intrusion along the Georgia and South Carolina coasts using climate-change scenarios 
2026-09-28T22:15:21.385898+00:00,saltwater encroachment AND climate change,2,Simulation of salinity intrusion along the Georgia and South Carolina coasts using climate-change scenarios 
2026-09-28T22:15:21.385898+00:00,saltwater encroachment AND climate change,3,"Simulation of water-table and freshwater/saltwater interface response to climate-change-driven sea-level rise and changes in recharge at Fire Island National Seashore, New York "
2026-09-28T22:15:21.385898+00:00,saltwater encroachment AND climate change,4,"Simulation of water-table and freshwater/saltwater interface response to climate-change-driven sea-level rise and changes in recharge at Fire Island National Seashore, New York "
2026-09-28T22:15:21.385898+00:00,saltwater encroachment AND climate change,5,Sudden spring : stories of adaptation in a climate-changed South 
2026-09-28T22:30:22.696923+00:00,project management AND software,1,Project management 
2026-09-28T22:30:22.696923+00:00,project management AND software,2,The project management tool kit : 100 tips and techniques for getting the job done right 
2026-09-28T22:30:22.696923+00:00,project management AND software,3,Project management : case studies 
2026-09-28T22:30:22.696923+00:00,project management AND software,4,Painless project management with FogBugz
2026-09-28T22:30:22.696923+00:00,project management AND software,5,Adaptable project management : a combination of agile and project management for All (PM4A) 
2026-09-28T22:45:20.211560+00:00,history of japanese art,1,History of Japanese art 
2026-09-28T22:45:20.211560+00:00,history of japanese art,2,History of Japanese art 
2026-09-28T22:45:20.211560+00:00,history of japanese art,3,"History of Japanese art after 1945 : institutions, discourses, practice "
2026-09-28T22:45:20.211560+00:00,history of japanese art,4,A history of Japanese art  : from prehistory to the Taisho period 
2026-09-28T22:45:20.211560+00:00,history of japanese art,5,A concise history of Japanese art 
2026-09-28T23:00:26.812980+00:00,science,1,Science.
2026-09-28T23:00:26.812980+00:00,science,2,Science
2026-09-28T23:00:26.812980+00:00,science,3,Science.
2026-09-28T23:00:26.812980+00:00,science,4,Science 
2026-09-28T23:00:26.812980+00:00,science,5,Science 
2026-09-28T23:13:19.641217+00:00,maryland history,1,Maryland history 
2026-09-28T23:13:19.641217+00:00,maryland history,2,Women of achievement in Maryland history 
2026-09-28T23:13:19.641217+00:00,maryland history,3,Maryland history and culture bibliography.
2026-09-28T23:13:19.641217+00:00,maryland history,4,Maryland history notes.
2026-09-28T23:13:19.641217+00:00,maryland history,5,Highlights of Maryland history as presented in the Darnell Young People's Museum: on exhibit at the Maryland Historical Society.
2026-09-28T23:15:19.562729+00:00,linear algebra,1,Linear algebra 
2026-09-28T23:15:19.562729+00:00,linear algebra,2,Linear algebra 
2026-09-28T23:15:19.562729+00:00,linear algebra,3,Linear algebra
2026-09-28T23:15:19.562729+00:00,linear algebra,4,Linear algebra 
2026-09-28T23:15:19.562729+00:00,linear algebra,5,Linear algebra 
2026-09-28T23:30:23.832888+00:00,Migration and Labor 1900,1,"Tramps and trade-union travelers : internal migration and organized labor in Gilded Age America, 1870-1900 "
2026-09-28T23:30:23.832888+00:00,Migration and Labor 1900,2,Migration and Labor Market Adjustment 
2026-09-28T23:30:23.832888+00:00,Migration and Labor 1900,3,Working on labor : essays in honor of Jan Lucassen 
2026-09-28T23:30:23.832888+00:00,Migration and Labor 1900,4,Negro migration in 1916-17 
2026-09-28T23:30:23.832888+00:00,Migration and Labor 1900,5,"The genesis of international mass migration : the British case, 1750-1900 "
2026-09-28T23:45:18.936047+00:00,cats AND dogs,1,Scientific and humane issues in the use of random source dogs and cats in research 
2026-09-28T23:45:18.936047+00:00,cats AND dogs,2,Scientific and humane issues in the use of random source dogs and cats in research 
2026-09-28T23:45:18.936047+00:00,cats AND dogs,3,Sunday morning. Osgood short : like dogs and cats 
2026-09-28T23:45:18.936047+00:00,cats AND dogs,4,Cats : a history 
2026-09-28T23:45:18.936047+00:00,cats AND dogs,5,Deafness in dogs and cats 
2026-09-29T00:00:32.735471+00:00,saltwater encroachment AND climate change,1,Simulation of salinity intrusion along the Georgia and South Carolina coasts using climate-change scenarios 
2026-09-29T00:00:32.735471+00:00,saltwater encroachment AND climate change,2,Simulation of salinity intrusion along the Georgia and South Carolina coasts using climate-change scenarios 
2026-09-29T00:00:32.735471+00:00,saltwater encroachment AND climate change,3,"Simulation of water-table and freshwater/saltwater interface response to climate-change-driven sea-level rise and changes in recharge at Fire Island National Seashore, New York "
2026-09-29T00:00:32.735471+00:00,saltwater encroachment AND climate change,4,"Simulation of water-table and freshwater/saltwater interface response to climate-change-driven sea-level rise and changes in recharge at Fire Island National Seashore, New York "
2026-09-29T00:00:32.735471+00:00,saltwater encroachment AND climate change,5,Sudden spring : stories of adaptation in a climate-changed South 
2026-09-29T00:15:22.764027+00:00,project management AND software,1,Project management 
2026-09-29T00:15:22.764027+00:00,project management AND software,2,The project management tool kit : 100 tips and techniques for getting the job done right 
2026-09-29T00:15:22.764027+00:00,project management AND software,3,Project management : case studies 
2026-09-29T00:15:22.764027+00:00,project management AND software,4,Painless project management with FogBugz
2026-09-29T00:15:22.764027+00:00,project management AND software,5,Adaptable project management : a combination of agile and project management for All (PM4A) 
2026-09-29T00:30:25.248215+00:00,history of japanese art,1,History of Japanese art 
2026-09-29T00:30:25.248215+00:00,history of japanese art,2,History of Japanese art 
2026-09-29T00:30:25.248215+00:00,history of japanese art,3,"History of Japanese art after 1945 : institutions, discourses, practice "
2026-09-29T00:30:25.248215+00:00,history of japanese art,4,A history of Japanese art  : from prehistory to the Taisho period 
2026-09-29T00:30:25.248215+00:00,history of japanese art,5,A concise history of Japanese art 
2026-09-29T00:45:20.895943+00:00,science,1,Science.
2026-09-29T00:45:20.895943+00:00,science,2,Science
2026-09-29T00:45:20.895943+00:00,science,3,Science.
2026-09-29T00:45:20.895943+00:00,science,4,Science 
2026-09-29T00:45:20.895943+00:00,science,5,Science 
2026-09-29T01:00:29.204954+00:00,maryland history,1,Maryland history 
2026-09-29T01:00:29.204954+00:00,maryland history,2,Women of achievement in Maryland history 
2026-09-29T01:00:29.204954+00:00,maryland history,3,Maryland history and culture bibliography.
2026-09-29T01:00:29.204954+00:00,maryland history,4,Maryland history notes.
2026-09-29T01:00:29.204954+00:00,maryland history,5,Highlights of Maryland history as presented in the Darnell Young People's Museum: on exhibit at the Maryland Historical Society.
2026-09-29T01:15:20.999722+00:00,linear algebra,1,Linear algebra 
2026-09-29T01:15:20.999722+00:00,linear algebra,2,Linear algebra 
2026-09-29T01:15:20.999722+00:00,linear algebra,3,Linear algebra
2026-09-29T01:15:20.999722+00:00,linear algebra,4,Linear algebra 
2026-09-29T01:15:20.999722+00:00,linear algebra,5,Linear algebra 
2026-09-29T01:30:27.411627+00:00,Migration and Labor 1900,1,"Tramps and trade-union travelers : internal migration and organized labor in Gilded Age America, 1870-1900 "
2026-09-29T01:30:27.411627+00:00,Migration and Labor 1900,2,Migration and Labor Market Adjustment 
2026-09-29T01:30:27.411627+00:00,Migration and Labor 1900,3,Working on labor : essays in honor of Jan Lucassen 
2026-09-29T01:30:27.411627+00:00,Migration and Labor 1900,4,Negro migration in 1916-17 
2026-09-29T01:30:27.411627+00:00,Migration and Labor 1900,5,"The genesis of international mass migration : the British case, 1750-1900 "
2026-09-29T01:45:19.389524+00:00,cats AND dogs,1,Scientific and humane issues in the use of random source dogs and cats in research 
2026-09-29T01:45:19.389524+00:00,cats AND dogs,2,Scientific and humane issues in the use of random source dogs and cats in research 
2026-09-29T01:45:19.389524+00:00,cats AND dogs,3,Sunday morning. Osgood short : like dogs and cats 
2026-09-29T01:45:19.389524+00:00,cats AND dogs,4,Cats : a history 
2026-09-29T01:45:19.389524+00:00,cats AND dogs,5,Deafness in dogs and cats 
2026-09-29T02:00:29.054326+00:00,saltwater encroachment AND climate change,1,Simulation of salinity intrusion along the Georgia and South Carolina coasts using climate-change scenarios 
2026-09-29T02:00:29.054326+00:00,saltwater encroachment AND climate change,2,Simulation of salinity intrusion along the Georgia and South Carolina coasts using climate-change scenarios 
2026-09-29T02:00:29.054326+00:00,saltwater encroachment AND climate change,3,"Simulation of water-table and freshwater/saltwater interface response to climate-change-driven sea-level rise and changes in recharge at Fire Island National Seashore, New York "
2026-09-29T02:00:29.054326+00:00,saltwater encroachment AND climate change,4,"Simulation of water-table and freshwater/saltwater interface response to climate-change-driven sea-level rise and changes in recharge at Fire Island National Seashore, New York "
2026-09-29T02:00:29.054326+00:00,saltwater encroachment AND climate change,5,Sudden spring : stories of adaptation in a climate-changed South 
2026-09-29T02:15:20.743142+00:00,project management AND software,1,Project management 
2026-09-29T02:15:20.743142+00:00,project management AND software,2,The project management tool kit : 100 tips and techniques for getting the job done right 
2026-09-29T02:15:20.743142+00:00,project management AND software,3,Project management : case studies 
2026-09-29T02:15:20.743142+00:00,project management AND software,4,Painless project management with FogBugz
2026-09-29T02:15:20.743142+00:00,project management AND software,5,Adaptable project management : a combination of agile and project management for All (PM4A) 
2026-09-29T02:30:29.878225+00:00,history of japanese art,1,History of Japanese art 
2026-09-29T02:30:29.878225+00:00,history of japanese art,2,History of Japanese art 
2026-09-29T02:30:29.878225+00:00,history of japanese art,3,"History of Japanese art after 1945 : institutions, discourses, practice "
2026-09-29T02:30:29.878225+00:00,history of japanese art,4,A history of Japanese art  : from prehistory to the Taisho period 
2026-09-29T02:30:29.878225+00:00,history of japanese art,5,A concise history of Japanese art 
2026-09-29T02:34:38.245531+00:00,science,1,Science.
2026-09-29T02:34:38.245531+00:00,science,2,Science
2026-09-29T02:34:38.245531+00:00,science,3,Science.
2026-09-29T02:34:38.245531+00:00,science,4,Science 
2026-09-29T02:34:38.245531+00:00,science,5,Science 
2026-09-29T02:45:18.110641+00:00,maryland history,1,Maryland history 
2026-09-29T02:45:18.110641+00:00,maryland history,2,Women of achievement in Maryland history 
2026-09-29T02:45:18.110641+00:00,maryland history,3,Maryland history and culture bibliography.
2026-09-29T02:45:18.110641+00:00,maryland history,4,Maryland history notes.
2026-09-29T02:45:18.110641+00:00,maryland history,5,Highlights of Maryland history as presented in the Darnell Young People's Museum: on exhibit at the Maryland Historical Society.
2026-09-29T03:00:26.145248+00:00,linear algebra,1,Linear algebra 
2026-09-29T03:00:26.145248+00:00,linear algebra,2,Linear algebra 
2026-09-29T03:00:26.145248+00:00,linear algebra,3,Linear algebra
2026-09-29T03:00:26.145248+00:00,linear algebra,4,Linear algebra 
2026-09-29T03:00:26.145248+00:00,linear algebra,5,Linear algebra 
2026-09-29T03:15:57.091180+00:00,Migration and Labor 1900,1,"Tramps and trade-union travelers : internal migration and organized labor in Gilded Age America, 1870-1900 "
2026-09-29T03:15:57.091180+00:00,Migration and Labor 1900,2,Migration and Labor Market Adjustment 
2026-09-29T03:15:57.091180+00:00,Migration and Labor 1900,3,Working on labor : essays in honor of Jan Lucassen 
2026-09-29T03:15:57.091180+00:00,Migration and Labor 1900,4,Negro migration in 1916-17 
2026-09-29T03:15:57.091180+00:00,Migration and Labor 1900,5,"The genesis of international mass migration : the British case, 1750-1900 "
2026-09-29T03:30:25.837697+00:00,cats AND dogs,1,Scientific and humane issues in the use of random source dogs and cats in research 
2026-09-29T03:30:25.837697+00:00,cats AND dogs,2,Scientific and humane issues in the use of random source dogs and cats in research 
2026-09-29T03:30:25.837697+00:00,cats AND dogs,3,Sunday morning. Osgood short : like dogs and cats 
2026-09-29T03:30:25.837697+00:00,cats AND dogs,4,Cats : a history 
2026-09-29T03:30:25.837697+00:00,cats AND dogs,5,Deafness in dogs and cats 
2026-09-29T03:45:19.241633+00:00,saltwater encroachment AND climate change,1,Simulation of salinity intrusion along the Georgia and South Carolina coasts using climate-change scenarios 
2026-09-29T03:45:19.241633+00:00,saltwater encroachment AND climate change,2,Simulation of salinity intrusion along the Georgia and South Carolina coasts using climate-change scenarios 
2026-09-29T03:45:19.241633+00:00,saltwater encroachment AND climate change,3,"Simulation of water-table and freshwater/saltwater interface response to climate-change-driven sea-level rise and changes in recharge at Fire Island National Seashore, New York "
2026-09-29T03:45:19.241633+00:00,saltwater encroachment AND climate change,4,"Simulation of water-table and freshwater/saltwater interface response to climate-change-driven sea-level rise and changes in recharge at Fire Island National Seashore, New York "
2026-09-29T03:45:19.241633+00:00,saltwater encroachment AND climate change,5,Sudden spring : stories of adaptation in a climate-changed South 
2026-09-29T04:00:31.604714+00:00,project management AND software,1,Project management 
2026-09-29T04:00:31.604714+00:00,project management AND software,2,The project management tool kit : 100 tips and techniques for getting the job done right 
2026-09-29T04:00:31.604714+00:00,project management AND software,3,Project management : case studies 
2026-09-29T04:00:31.604714+00:00,project management AND software,4,Painless project management with FogBugz
2026-09-29T04:00:31.604714+00:00,project management AND software,5,Adaptable project management : a combination of agile and project management for All (PM4A) 
2026-09-29T04:15:18.397140+00:00,history of japanese art,1,History of Japanese art 
2026-09-29T04:15:18.397140+00:00,history of japanese art,2,History of Japanese art 
2026-09-29T04:15:18.397140+00:00,history of japanese art,3,"History of Japanese art after 1945 : institutions, discourses, practice "
2026-09-29T04:15:18.397140+00:00,history of japanese art,4,A history of Japanese art  : from prehistory to the Taisho period 
2026-09-29T04:15:18.397140+00:00,history of japanese art,5,A concise history of Japanese art 
2026-09-29T04:30:26.726720+00:00,science,1,Science.
2026-09-29T04:30:26.726720+00:00,science,2,Science
2026-09-29T04:30:26.726720+00:00,science,3,Science.
2026-09-29T04:30:26.726720+00:00,science,4,Science 
2026-09-29T04:30:26.726720+00:00,science,5,Science 
2026-09-29T04:45:19.583030+00:00,maryland history,1,Maryland history 
2026-09-29T04:45:19.583030+00:00,maryland history,2,Women of achievement in Maryland history 
2026-09-29T04:45:19.583030+00:00,maryland history,3,Maryland history and culture bibliography.
2026-09-29T04:45:19.583030+00:00,maryland history,4,Maryland history notes.
2026-09-29T04:45:19.583030+00:00,maryland history,5,Highlights of Maryland history as presented in the Darnell Young People's Museum: on exhibit at the Maryland Historical Society.
2026-09-29T05:00:26.997463+00:00,linear algebra,1,Linear algebra 
2026-09-29T05:00:26.997463+00:00,linear algebra,2,Linear algebra 
2026-09-29T05:00:26.997463+00:00,linear algebra,3,Linear algebra
2026-09-29T05:00:26.997463+00:00,linear algebra,4,Linear algebra 
2026-09-29T05:00:26.997463+00:00,linear algebra,5,Linear algebra 
2026-09-29T05:15:18.694210+00:00,Migration and Labor 1900,1,"Tramps and trade-union travelers : internal migration and organized labor in Gilded Age America, 1870-1900 "
2026-09-29T05:15:18.694210+00:00,Migration and Labor 1900,2,Migration and Labor Market Adjustment 
2026-09-29T05:15:18.694210+00:00,Migration and Labor 1900,3,Working on labor : essays in honor of Jan Lucassen 
2026-09-29T05:15:18.694210+00:00,Migration and Labor 1900,4,Negro migration in 1916-17 
2026-09-29T05:15:18.694210+00:00,Migration and Labor 1900,5,"The genesis of international mass migration : the British case, 1750-1900 "
2026-09-29T05:30:27.580939+00:00,cats AND dogs,1,Scientific and humane issues in the use of random source dogs and cats in research 
2026-09-29T05:30:27.580939+00:00,cats AND dogs,2,Scientific and humane issues in the use of random source dogs and cats in research 
2026-09-29T05:30:27.580939+00:00,cats AND dogs,3,Sunday morning. Osgood short : like dogs and cats 
2026-09-29T05:30:27.580939+00:00,cats AND dogs,4,Cats : a history 
2026-09-29T05:30:27.580939+00:00,cats AND dogs,5,Deafness in dogs and cats 
2026-09-29T05:45:21.623495+00:00,saltwater encroachment AND climate change,1,Simulation of salinity intrusion along the Georgia and South Carolina coasts using climate-change scenarios 
2026-09-29T05:45:21.623495+00:00,saltwater encroachment AND climate change,2,Simulation of salinity intrusion along the Georgia and South Carolina coasts using climate-change scenarios 
2026-09-29T05:45:21.623495+00:00,saltwater encroachment AND climate change,3,"Simulation of water-table and freshwater/saltwater interface response to climate-change-driven sea-level rise and changes in recharge at Fire Island National Seashore, New York "
2026-09-29T05:45:21.623495+00:00,saltwater encroachment AND climate change,4,"Simulation of water-table and freshwater/saltwater interface response to climate-change-driven sea-level rise and changes in recharge at Fire Island National Seashore, New York "
2026-09-29T05:45:21.623495+00:00,saltwater encroachment AND climate change,5,Sudden spring : stories of adaptation in a climate-changed South 
2026-09-29T06:00:29.489542+00:00,project management AND software,1,Project management 
2026-09-29T06:00:29.489542+00:00,project management AND software,2,The project management tool kit : 100 tips and techniques for getting the job done right 
2026-09-29T06:00:29.489542+00:00,project management AND software,3,Project management : case studies 
2026-09-29T06:00:29.489542+00:00,project management AND software,4,Painless project management with FogBugz
2026-09-29T06:00:29.489542+00:00,project management AND software,5,Adaptable project management : a combination of agile and project management for All (PM4A) 
2026-09-29T06:15:21.096532+00:00,history of japanese art,1,History of Japanese art 
2026-09-29T06:15:21.096532+00:00,history of japanese art,2,History of Japanese art 
2026-09-29T06:15:21.096532+00:00,history of japanese art,3,"History of Japanese art after 1945 : institutions, discourses, practice "
2026-09-29T06:15:21.096532+00:00,history of japanese art,4,A history of Japanese art  : from prehistory to the Taisho period 
2026-09-29T06:15:21.096532+00:00,history of japanese art,5,A concise history of Japanese art 
2026-09-29T06:30:27.766014+00:00,science,1,Science.
2026-09-29T06:30:27.766014+00:00,science,2,Science
2026-09-29T06:30:27.766014+00:00,science,3,Science.
2026-09-29T06:30:27.766014+00:00,science,4,Science 
2026-09-29T06:30:27.766014+00:00,science,5,Science 
2026-09-29T06:45:22.157843+00:00,maryland history,1,Maryland history 
2026-09-29T06:45:22.157843+00:00,maryland history,2,Women of achievement in Maryland history 
2026-09-29T06:45:22.157843+00:00,maryland history,3,Maryland history and culture bibliography.
2026-09-29T06:45:22.157843+00:00,maryland history,4,Maryland history notes.
2026-09-29T06:45:22.157843+00:00,maryland history,5,Highlights of Maryland history as presented in the Darnell Young People's Museum: on exhibit at the Maryland Historical Society.
2026-09-29T07:00:28.679148+00:00,linear algebra,1,Linear algebra 
2026-09-29T07:00:28.679148+00:00,linear algebra,2,Linear algebra 
2026-09-29T07:00:28.679148+00:00,linear algebra,3,Linear algebra
2026-09-29T07:00:28.679148+00:00,linear algebra,4,Linear algebra 
2026-09-29T07:00:28.679148+00:00,linear algebra,5,Linear algebra 
2026-09-29T07:15:31.669949+00:00,Migration and Labor 1900,1,"Tramps and trade-union travelers : internal migration and organized labor in Gilded Age America, 1870-1900 "
2026-09-29T07:15:31.669949+00:00,Migration and Labor 1900,2,Migration and Labor Market Adjustment 
2026-09-29T07:15:31.669949+00:00,Migration and Labor 1900,3,Working on labor : essays in honor of Jan Lucassen 
2026-09-29T07:15:31.669949+00:00,Migration and Labor 1900,4,Negro migration in 1916-17 
2026-09-29T07:15:31.669949+00:00,Migration and Labor 1900,5,"The genesis of international mass migration : the British case, 1750-1900 "
2026-09-29T07:30:27.515113+00:00,cats AND dogs,1,Scientific and humane issues in the use of random source dogs and cats in research 
2026-09-29T07:30:27.515113+00:00,cats AND dogs,2,Scientific and humane issues in the use of random source dogs and cats in research 
2026-09-29T07:30:27.515113+00:00,cats AND dogs,3,Sunday morning. Osgood short : like dogs and cats 
2026-09-29T07:30:27.515113+00:00,cats AND dogs,4,Cats : a history 
2026-09-29T07:30:27.515113+00:00,cats AND dogs,5,Deafness in dogs and cats 
2026-09-29T07:45:22.765226+00:00,saltwater encroachment AND climate change,1,Simulation of salinity intrusion along the Georgia and South Carolina coasts using climate-change scenarios 
2026-09-29T07:45:22.765226+00:00,saltwater encroachment AND climate change,2,Simulation of salinity intrusion along the Georgia and South Carolina coasts using climate-change scenarios 
2026-09-29T07:45:22.765226+00:00,saltwater encroachment AND climate change,3,"Simulation of water-table and freshwater/saltwater interface response to climate-change-driven sea-level rise and changes in recharge at Fire Island National Seashore, New York "
2026-09-29T07:45:22.765226+00:00,saltwater encroachment AND climate change,4,"Simulation of water-table and freshwater/saltwater interface response to climate-change-driven sea-level rise and changes in recharge at Fire Island National Seashore, New York "
2026-09-29T07:45:22.765226+00:00,saltwater encroachment AND climate change,5,Sudden spring : stories of adaptation in a climate-changed South 
2026-09-29T08:00:29.702169+00:00,project management AND software,1,Project management 
2026-09-29T08:00:29.702169+00:00,project management AND software,2,The project management tool kit : 100 tips and techniques for getting the job done right 
2026-09-29T08:00:29.702169+00:00,project management AND software,3,Project management : case studies 
2026-09-29T08:00:29.702169+00:00,project management AND software,4,Painless project management with FogBugz
2026-09-29T08:00:29.702169+00:00,project management AND software,5,Adaptable project management : a combination of agile and project management for All (PM4A) 
2026-09-29T08:15:20.985057+00:00,history of japanese art,1,History of Japanese art 
2026-09-29T08:15:20.985057+00:00,history of japanese art,2,History of Japanese art 
2026-09-29T08:15:20.985057+00:00,history of japanese art,3,"History of Japanese art after 1945 : institutions, discourses, practice "
2026-09-29T08:15:20.985057+00:00,history of japanese art,4,A history of Japanese art  : from prehistory to the Taisho period 
2026-09-29T08:15:20.985057+00:00,history of japanese art,5,A concise history of Japanese art 
2026-09-29T08:30:28.569272+00:00,science,1,Science.
2026-09-29T08:30:28.569272+00:00,science,2,Science
2026-09-29T08:30:28.569272+00:00,science,3,Science.
2026-09-29T08:30:28.569272+00:00,science,4,Science 
2026-09-29T08:30:28.569272+00:00,science,5,Science 
2026-09-29T08:45:21.335641+00:00,maryland history,1,Maryland history 
2026-09-29T08:45:21.335641+00:00,maryland history,2,Women of achievement in Maryland history 
2026-09-29T08:45:21.335641+00:00,maryland history,3,Maryland history and culture bibliography.
2026-09-29T08:45:21.335641+00:00,maryland history,4,Maryland history notes.
2026-09-29T08:45:21.335641+00:00,maryland history,5,Highlights of Maryland history as presented in the Darnell Young People's Museum: on exhibit at the Maryland Historical Society.
2026-09-29T09:00:28.673894+00:00,linear algebra,1,Linear algebra 
2026-09-29T09:00:28.673894+00:00,linear algebra,2,Linear algebra 
2026-09-29T09:00:28.673894+00:00,linear algebra,3,Linear algebra
2026-09-29T09:00:28.673894+00:00,linear algebra,4,Linear algebra 
2026-09-29T09:00:28.673894+00:00,linear algebra,5,Linear algebra 
2026-09-29T09:01:46.918702+00:00,Migration and Labor 1900,1,"Tramps and trade-union travelers : internal migration and organized labor in Gilded Age America, 1870-1900 "
2026-09-29T09:01:46.918702+00:00,Migration and Labor 1900,2,Migration and Labor Market Adjustment 
2026-09-29T09:01:46.918702+00:00,Migration and Labor 1900,3,Working on labor : essays in honor of Jan Lucassen 
2026-09-29T09:01:46.918702+00:00,Migration and Labor 1900,4,Negro migration in 1916-17 
2026-09-29T09:01:46.918702+00:00,Migration and Labor 1900,5,"The genesis of international mass migration : the British case, 1750-1900 "
2026-09-29T09:15:19.179576+00:00,cats AND dogs,1,Scientific and humane issues in the use of random source dogs and cats in research 
2026-09-29T09:15:19.179576+00:00,cats AND dogs,2,Scientific and humane issues in the use of random source dogs and cats in research 
2026-09-29T09:15:19.179576+00:00,cats AND dogs,3,Sunday morning. Osgood short : like dogs and cats 
2026-09-29T09:15:19.179576+00:00,cats AND dogs,4,Cats : a history 
2026-09-29T09:15:19.179576+00:00,cats AND dogs,5,Deafness in dogs and cats 
2026-09-29T09:30:25.058055+00:00,saltwater encroachment AND climate change,1,Simulation of salinity intrusion along the Georgia and South Carolina coasts using climate-change scenarios 
2026-09-29T09:30:25.058055+00:00,saltwater encroachment AND climate change,2,Simulation of salinity intrusion along the Georgia and South Carolina coasts using climate-change scenarios 
2026-09-29T09:30:25.058055+00:00,saltwater encroachment AND climate change,3,"Simulation of water-table and freshwater/saltwater interface response to climate-change-driven sea-level rise and changes in recharge at Fire Island National Seashore, New York "
2026-09-29T09:30:25.058055+00:00,saltwater encroachment AND climate change,4,"Simulation of water-table and freshwater/saltwater interface response to climate-change-driven sea-level rise and changes in recharge at Fire Island National Seashore, New York "
2026-09-29T09:30:25.058055+00:00,saltwater encroachment AND climate change,5,Sudden spring : stories of adaptation in a climate-changed South 
2026-09-29T09:45:20.158493+00:00,project management AND software,1,Project management 
2026-09-29T09:45:20.158493+00:00,project management AND software,2,The project management tool kit : 100 tips and techniques for getting the job done right 
2026-09-29T09:45:20.158493+00:00,project management AND software,3,Project management : case studies 
2026-09-29T09:45:20.158493+00:00,project management AND software,4,Painless project management with FogBugz
2026-09-29T09:45:20.158493+00:00,project management AND software,5,Adaptable project management : a combination of agile and project management for All (PM4A) 
2026-09-29T10:00:29.254764+00:00,history of japanese art,1,History of Japanese art 
2026-09-29T10:00:29.254764+00:00,history of japanese art,2,History of Japanese art 
2026-09-29T10:00:29.254764+00:00,history of japanese art,3,"History of Japanese art after 1945 : institutions, discourses, practice "
2026-09-29T10:00:29.254764+00:00,history of japanese art,4,A history of Japanese art  : from prehistory to the Taisho period 
2026-09-29T10:00:29.254764+00:00,history of japanese art,5,A concise history of Japanese art 
2026-09-29T10:15:22.249416+00:00,science,1,Science.
2026-09-29T10:15:22.249416+00:00,science,2,Science
2026-09-29T10:15:22.249416+00:00,science,3,Science.
2026-09-29T10:15:22.249416+00:00,science,4,Science 
2026-09-29T10:15:22.249416+00:00,science,5,Science 
2026-09-29T10:30:25.989583+00:00,maryland history,1,Maryland history 
2026-09-29T10:30:25.989583+00:00,maryland history,2,Women of achievement in Maryland history 
2026-09-29T10:30:25.989583+00:00,maryland history,3,Maryland history and culture bibliography.
2026-09-29T10:30:25.989583+00:00,maryland history,4,Maryland history notes.
2026-09-29T10:30:25.989583+00:00,maryland history,5,Highlights of Maryland history as presented in the Darnell Young People's Museum: on exhibit at the Maryland Historical Society.
2026-09-29T10:45:19.942439+00:00,linear algebra,1,Linear algebra 
2026-09-29T10:45:19.942439+00:00,linear algebra,2,Linear algebra 
2026-09-29T10:45:19.942439+00:00,linear algebra,3,Linear algebra
2026-09-29T10:45:19.942439+00:00,linear algebra,4,Linear algebra 
2026-09-29T10:45:19.942439+00:00,linear algebra,5,Linear algebra 
2026-09-29T11:00:27.999474+00:00,Migration and Labor 1900,1,"Tramps and trade-union travelers : internal migration and organized labor in Gilded Age America, 1870-1900 "
2026-09-29T11:00:27.999474+00:00,Migration and Labor 1900,2,Migration and Labor Market Adjustment 
2026-09-29T11:00:27.999474+00:00,Migration and Labor 1900,3,Working on labor : essays in honor of Jan Lucassen 
2026-09-29T11:00:27.999474+00:00,Migration and Labor 1900,4,Negro migration in 1916-17 
2026-09-29T11:00:27.999474+00:00,Migration and Labor 1900,5,"The genesis of international mass migration : the British case, 1750-1900 "
2026-09-29T11:15:21.733324+00:00,cats AND dogs,1,Scientific and humane issues in the use of random source dogs and cats in research 
2026-09-29T11:15:21.733324+00:00,cats AND dogs,2,Scientific and humane issues in the use of random source dogs and cats in research 
2026-09-29T11:15:21.733324+00:00,cats AND dogs,3,Sunday morning. Osgood short : like dogs and cats 
2026-09-29T11:15:21.733324+00:00,cats AND dogs,4,Cats : a history 
2026-09-29T11:15:21.733324+00:00,cats AND dogs,5,Deafness in dogs and cats 
2026-09-29T11:30:23.189669+00:00,saltwater encroachment AND climate change,1,Simulation of salinity intrusion along the Georgia and South Carolina coasts using climate-change scenarios 
2026-09-29T11:30:23.189669+00:00,saltwater encroachment AND climate change,2,Simulation of salinity intrusion along the Georgia and South Carolina coasts using climate-change scenarios 
2026-09-29T11:30:23.189669+00:00,saltwater encroachment AND climate change,3,"Simulation of water-table and freshwater/saltwater interface response to climate-change-driven sea-level rise and changes in recharge at Fire Island National Seashore, New York "
2026-09-29T11:30:23.189669+00:00,saltwater encroachment AND climate change,4,"Simulation of water-table and freshwater/saltwater interface response to climate-change-driven sea-level rise and changes in recharge at Fire Island National Seashore, New York "
2026-09-29T11:30:23.189669+00:00,saltwater encroachment AND climate change,5,Sudden spring : stories of adaptation in a climate-changed South 
2026-09-29T11:45:20.053721+00:00,project management AND software,1,Project management 
2026-09-29T11:45:20.053721+00:00,project management AND software,2,The project management tool kit : 100 tips and techniques for getting the job done right 
2026-09-29T11:45:20.053721+00:00,project management AND software,3,Project management : case studies 
2026-09-29T11:45:20.053721+00:00,project management AND software,4,Painless project management with FogBugz
2026-09-29T11:45:20.053721+00:00,project management AND software,5,Adaptable project management : a combination of agile and project management for All (PM4A) 
2026-09-29T12:00:31.904659+00:00,history of japanese art,1,History of Japanese art 
2026-09-29T12:00:31.904659+00:00,history of japanese art,2,History of Japanese art 
2026-09-29T12:00:31.904659+00:00,history of japanese art,3,"History of Japanese art after 1945 : institutions, discourses, practice "
2026-09-29T12:00:31.904659+00:00,history of japanese art,4,A history of Japanese art  : from prehistory to the Taisho period 
2026-09-29T12:00:31.904659+00:00,history of japanese art,5,A concise history of Japanese art 
2026-09-29T12:15:20.720718+00:00,science,1,Science.
2026-09-29T12:15:20.720718+00:00,science,2,Science
2026-09-29T12:15:20.720718+00:00,science,3,Science.
2026-09-29T12:15:20.720718+00:00,science,4,Science 
2026-09-29T12:15:20.720718+00:00,science,5,Science 
2026-09-29T12:30:25.890770+00:00,maryland history,1,Maryland history 
2026-09-29T12:30:25.890770+00:00,maryland history,2,Women of achievement in Maryland history 
2026-09-29T12:30:25.890770+00:00,maryland history,3,Maryland history and culture bibliography.
2026-09-29T12:30:25.890770+00:00,maryland history,4,Maryland history notes.
2026-09-29T12:30:25.890770+00:00,maryland history,5,Highlights of Maryland history as presented in the Darnell Young People's Museum: on exhibit at the Maryland Historical Society.
2026-09-29T12:45:22.626599+00:00,linear algebra,1,Linear algebra 
2026-09-29T12:45:22.626599+00:00,linear algebra,2,Linear algebra 
2026-09-29T12:45:22.626599+00:00,linear algebra,3,Linear algebra
2026-09-29T12:45:22.626599+00:00,linear algebra,4,Linear algebra 
2026-09-29T12:45:22.626599+00:00,linear algebra,5,Linear algebra 
2026-09-29T13:00:31.176230+00:00,Migration and Labor 1900,1,"Tramps and trade-union travelers : internal migration and organized labor in Gilded Age America, 1870-1900 "
2026-09-29T13:00:31.176230+00:00,Migration and Labor 1900,2,Migration and Labor Market Adjustment 
2026-09-29T13:00:31.176230+00:00,Migration and Labor 1900,3,Working on labor : essays in honor of Jan Lucassen 
2026-09-29T13:00:31.176230+00:00,Migration and Labor 1900,4,Negro migration in 1916-17 
2026-09-29T13:00:31.176230+00:00,Migration and Labor 1900,5,"The genesis of international mass migration : the British case, 1750-1900 "
2026-09-29T13:15:21.889572+00:00,cats AND dogs,1,Scientific and humane issues in the use of random source dogs and cats in research 
2026-09-29T13:15:21.889572+00:00,cats AND dogs,2,Scientific and humane issues in the use of random source dogs and cats in research 
2026-09-29T13:15:21.889572+00:00,cats AND dogs,3,Sunday morning. Osgood short : like dogs and cats 
2026-09-29T13:15:21.889572+00:00,cats AND dogs,4,Cats : a history 
2026-09-29T13:15:21.889572+00:00,cats AND dogs,5,Deafness in dogs and cats 
2026-09-29T13:30:24.299648+00:00,saltwater encroachment AND climate change,1,Simulation of salinity intrusion along the Georgia and South Carolina coasts using climate-change scenarios 
2026-09-29T13:30:24.299648+00:00,saltwater encroachment AND climate change,2,Simulation of salinity intrusion along the Georgia and South Carolina coasts using climate-change scenarios 
2026-09-29T13:30:24.299648+00:00,saltwater encroachment AND climate change,3,"Simulation of water-table and freshwater/saltwater interface response to climate-change-driven sea-level rise and changes in recharge at Fire Island National Seashore, New York "
2026-09-29T13:30:24.299648+00:00,saltwater encroachment AND climate change,4,"Simulation of water-table and freshwater/saltwater interface response to climate-change-driven sea-level rise and changes in recharge at Fire Island National Seashore, New York "
2026-09-29T13:30:24.299648+00:00,saltwater encroachment AND climate change,5,Sudden spring : stories of adaptation in a climate-changed South 
2026-09-29T13:45:18.960111+00:00,project management AND software,1,Project management 
2026-09-29T13:45:18.960111+00:00,project management AND software,2,The project management tool kit : 100 tips and techniques for getting the job done right 
2026-09-29T13:45:18.960111+00:00,project management AND software,3,Project management : case studies 
2026-09-29T13:45:18.960111+00:00,project management AND software,4,Painless project management with FogBugz
2026-09-29T13:45:18.960111+00:00,project management AND software,5,Adaptable project management : a combination of agile and project management for All (PM4A) 
2026-09-29T14:01:06.376727+00:00,history of japanese art,1,History of Japanese art 
2026-09-29T14:01:06.376727+00:00,history of japanese art,2,History of Japanese art 
2026-09-29T14:01:06.376727+00:00,history of japanese art,3,"History of Japanese art after 1945 : institutions, discourses, practice "
2026-09-29T14:01:06.376727+00:00,history of japanese art,4,A history of Japanese art  : from prehistory to the Taisho period 
2026-09-29T14:01:06.376727+00:00,history of japanese art,5,A concise history of Japanese art 
2026-09-29T14:15:22.737959+00:00,science,1,Science.
2026-09-29T14:15:22.737959+00:00,science,2,Science
2026-09-29T14:15:22.737959+00:00,science,3,Science.
2026-09-29T14:15:22.737959+00:00,science,4,Science 
2026-09-29T14:15:22.737959+00:00,science,5,Science 
2026-09-29T14:31:01.227684+00:00,maryland history,1,Maryland history 
2026-09-29T14:31:01.227684+00:00,maryland history,2,Women of achievement in Maryland history 
2026-09-29T14:31:01.227684+00:00,maryland history,3,Maryland history and culture bibliography.
2026-09-29T14:31:01.227684+00:00,maryland history,4,Maryland history notes.
2026-09-29T14:31:01.227684+00:00,maryland history,5,Highlights of Maryland history as presented in the Darnell Young People's Museum: on exhibit at the Maryland Historical Society.
2026-09-29T14:45:24.461730+00:00,linear algebra,1,Linear algebra 
2026-09-29T14:45:24.461730+00:00,linear algebra,2,Linear algebra 
2026-09-29T14:45:24.461730+00:00,linear algebra,3,Linear algebra
2026-09-29T14:45:24.461730+00:00,linear algebra,4,Linear algebra 
2026-09-29T14:45:24.461730+00:00,linear algebra,5,Linear algebra 
2026-09-29T15:00:30.427235+00:00,Migration and Labor 1900,1,"Tramps and trade-union travelers : internal migration and organized labor in Gilded Age America, 1870-1900 "
2026-09-29T15:00:30.427235+00:00,Migration and Labor 1900,2,Migration and Labor Market Adjustment 
2026-09-29T15:00:30.427235+00:00,Migration and Labor 1900,3,Working on labor : essays in honor of Jan Lucassen 
2026-09-29T15:00:30.427235+00:00,Migration and Labor 1900,4,Negro migration in 1916-17 
2026-09-29T15:00:30.427235+00:00,Migration and Labor 1900,5,"The genesis of international mass migration : the British case, 1750-1900 "
2026-09-29T15:15:20.146522+00:00,cats AND dogs,1,Scientific and humane issues in the use of random source dogs and cats in research 
2026-09-29T15:15:20.146522+00:00,cats AND dogs,2,Scientific and humane issues in the use of random source dogs and cats in research 
2026-09-29T15:15:20.146522+00:00,cats AND dogs,3,Sunday morning. Osgood short : like dogs and cats 
2026-09-29T15:15:20.146522+00:00,cats AND dogs,4,Cats : a history 
2026-09-29T15:15:20.146522+00:00,cats AND dogs,5,Deafness in dogs and cats 
2026-09-29T15:30:25.509408+00:00,saltwater encroachment AND climate change,1,Simulation of salinity intrusion along the Georgia and South Carolina coasts using climate-change scenarios 
2026-09-29T15:30:25.509408+00:00,saltwater encroachment AND climate change,2,Simulation of salinity intrusion along the Georgia and South Carolina coasts using climate-change scenarios 
2026-09-29T15:30:25.509408+00:00,saltwater encroachment AND climate change,3,"Simulation of water-table and freshwater/saltwater interface response to climate-change-driven sea-level rise and changes in recharge at Fire Island National Seashore, New York "
2026-09-29T15:30:25.509408+00:00,saltwater encroachment AND climate change,4,"Simulation of water-table and freshwater/saltwater interface response to climate-change-driven sea-level rise and changes in recharge at Fire Island National Seashore, New York "
2026-09-29T15:30:25.509408+00:00,saltwater encroachment AND climate change,5,Sudden spring : stories of adaptation in a climate-changed South 
2026-09-29T15:45:19.503878+00:00,project management AND software,1,Project management 
2026-09-29T15:45:19.503878+00:00,project management AND software,2,The project management tool kit : 100 tips and techniques for getting the job done right 
2026-09-29T15:45:19.503878+00:00,project management AND software,3,Project management : case studies 
2026-09-29T15:45:19.503878+00:00,project management AND software,4,Painless project management with FogBugz
2026-09-29T15:45:19.503878+00:00,project management AND software,5,Adaptable project management : a combination of agile and project management for All (PM4A) 
2026-09-29T15:46:21.432051+00:00,history of japanese art,1,History of Japanese art 
2026-09-29T15:46:21.432051+00:00,history of japanese art,2,History of Japanese art 
2026-09-29T15:46:21.432051+00:00,history of japanese art,3,"History of Japanese art after 1945 : institutions, discourses, practice "
2026-09-29T15:46:21.432051+00:00,history of japanese art,4,A history of Japanese art  : from prehistory to the Taisho period 
2026-09-29T15:46:21.432051+00:00,history of japanese art,5,A concise history of Japanese art 
2026-09-29T16:00:30.806816+00:00,science,1,Science.
2026-09-29T16:00:30.806816+00:00,science,2,Science
2026-09-29T16:00:30.806816+00:00,science,3,Science.
2026-09-29T16:00:30.806816+00:00,science,4,Science 
2026-09-29T16:00:30.806816+00:00,science,5,Science 
2026-09-29T16:15:21.502582+00:00,maryland history,1,Maryland history 
2026-09-29T16:15:21.502582+00:00,maryland history,2,Women of achievement in Maryland history 
2026-09-29T16:15:21.502582+00:00,maryland history,3,Maryland history and culture bibliography.
2026-09-29T16:15:21.502582+00:00,maryland history,4,Maryland history notes.
2026-09-29T16:15:21.502582+00:00,maryland history,5,Highlights of Maryland history as presented in the Darnell Young People's Museum: on exhibit at the Maryland Historical Society.
2026-09-29T16:30:28.352172+00:00,linear algebra,1,Linear algebra 
2026-09-29T16:30:28.352172+00:00,linear algebra,2,Linear algebra 
2026-09-29T16:30:28.352172+00:00,linear algebra,3,Linear algebra
2026-09-29T16:30:28.352172+00:00,linear algebra,4,Linear algebra 
2026-09-29T16:30:28.352172+00:00,linear algebra,5,Linear algebra 
2026-09-29T16:45:20.688249+00:00,Migration and Labor 1900,1,"Tramps and trade-union travelers : internal migration and organized labor in Gilded Age America, 1870-1900 "
2026-09-29T16:45:20.688249+00:00,Migration and Labor 1900,2,Migration and Labor Market Adjustment 
2026-09-29T16:45:20.688249+00:00,Migration and Labor 1900,3,Working on labor : essays in honor of Jan Lucassen 
2026-09-29T16:45:20.688249+00:00,Migration and Labor 1900,4,Negro migration in 1916-17 
2026-09-29T16:45:20.688249+00:00,Migration and Labor 1900,5,"The genesis of international mass migration : the British case, 1750-1900 "
2026-09-29T17:00:29.376791+00:00,cats AND dogs,1,Scientific and humane issues in the use of random source dogs and cats in research 
2026-09-29T17:00:29.376791+00:00,cats AND dogs,2,Scientific and humane issues in the use of random source dogs and cats in research 
2026-09-29T17:00:29.376791+00:00,cats AND dogs,3,Sunday morning. Osgood short : like dogs and cats 
2026-09-29T17:00:29.376791+00:00,cats AND dogs,4,Cats : a history 
2026-09-29T17:00:29.376791+00:00,cats AND dogs,5,Deafness in dogs and cats 
2026-09-29T17:15:20.307305+00:00,saltwater encroachment AND climate change,1,Simulation of salinity intrusion along the Georgia and South Carolina coasts using climate-change scenarios 
2026-09-29T17:15:20.307305+00:00,saltwater encroachment AND climate change,2,Simulation of salinity intrusion along the Georgia and South Carolina coasts using climate-change scenarios 
2026-09-29T17:15:20.307305+00:00,saltwater encroachment AND climate change,3,"Simulation of water-table and freshwater/saltwater interface response to climate-change-driven sea-level rise and changes in recharge at Fire Island National Seashore, New York "
2026-09-29T17:15:20.307305+00:00,saltwater encroachment AND climate change,4,"Simulation of water-table and freshwater/saltwater interface response to climate-change-driven sea-level rise and changes in recharge at Fire Island National Seashore, New York "
2026-09-29T17:15:20.307305+00:00,saltwater encroachment AND climate change,5,Sudden spring : stories of adaptation in a climate-changed South 
2026-09-29T17:30:25.223347+00:00,project management AND software,1,Project management 
2026-09-29T17:30:25.223347+00:00,project management AND software,2,The project management tool kit : 100 tips and techniques for getting the job done right 
2026-09-29T17:30:25.223347+00:00,project management AND software,3,Project management : case studies 
2026-09-29T17:30:25.223347+00:00,project management AND software,4,Painless project management with FogBugz
2026-09-29T17:30:25.223347+00:00,project management AND software,5,Adaptable project management : a combination of agile and project management for All (PM4A) 
